-- phpMyAdmin SQL Dump
-- version 3.4.5
-- http://www.phpmyadmin.net
--
-- Host: localhost
-- Generation Time: Dec 09, 2011 at 08:29 PM
-- Server version: 5.1.44
-- PHP Version: 5.3.1

SET SQL_MODE="NO_AUTO_VALUE_ON_ZERO";
SET time_zone = "+00:00";


/*!40101 SET @OLD_CHARACTER_SET_CLIENT=@@CHARACTER_SET_CLIENT */;
/*!40101 SET @OLD_CHARACTER_SET_RESULTS=@@CHARACTER_SET_RESULTS */;
/*!40101 SET @OLD_COLLATION_CONNECTION=@@COLLATION_CONNECTION */;
/*!40101 SET NAMES utf8 */;

--
-- Database: `EnergyDataBackup`
--

-- --------------------------------------------------------

--
-- Table structure for table `Address`
--

CREATE TABLE IF NOT EXISTS `Address` (
  `AddressID` int(11) NOT NULL AUTO_INCREMENT,
  `StreetAddress` text NOT NULL,
  `CityID` int(11) DEFAULT NULL,
  `ZipCode` varchar(32) NOT NULL,
  PRIMARY KEY (`AddressID`),
  KEY `CityID` (`CityID`)
) ENGINE=InnoDB  DEFAULT CHARSET=latin1 AUTO_INCREMENT=95 ;

--
-- Dumping data for table `Address`
--

INSERT INTO `Address` (`AddressID`, `StreetAddress`, `CityID`, `ZipCode`) VALUES
(1, '216 College St.', 1, '55057'),
(2, '605 Three Oaks Drive', 1, '55057'),
(3, '100 College St. So.', 1, '55057'),
(4, '710 Three Oaks Drive', 1, '55057'),
(5, '320 Third Street   ', 1, '55057'),
(6, '400 E. 1st St.', 1, '55057'),
(7, '510 Lyman Drive/509 Goodsell Circle', 1, '55057'),
(8, '505 Goodsell Circle', 1, '55057'),
(9, '301 Union St. N./ 300 Division St. N.', 1, '55057'),
(10, '301 Goodsell Circle', 1, '55057'),
(11, '405 Gould Lane', 1, '55057'),
(12, '205 E. 2nd St.', 1, '55057'),
(13, '107 Union St.', 1, '55057'),
(14, '100 Winona &420 E. 1st St.', 1, '55057'),
(15, '208 Winona St. No.', 1, '55057'),
(16, '301 Winona St. No.', 1, '55057'),
(17, '206 Maple St. No.', 1, '55057'),
(18, '302 College St. No.', 1, '55057'),
(19, '200 Nevada St. No.', 1, '55057'),
(20, '109 Nevada St. No./110 Winona St. No.', 1, '55057'),
(21, '214 Winona St. No.', 1, '55057'),
(22, '215 Goodsell Circle', 1, '55057'),
(23, '209 College St. No.', 1, '55057'),
(24, '105 College St. No.', 1, '55057'),
(25, '118 College St.', 1, '55057'),
(26, '201 College St. No.', 1, '55057'),
(27, '215 Division St. No.', 1, '55057'),
(28, '705 Three Oaks Drive', 1, '55057'),
(29, '321 Division St. No.', 1, '55057'),
(30, '208 Union St. ', 1, '55057'),
(31, '210 Winona St.', 1, '55057'),
(32, '111 N. Division St.', 1, '55057'),
(33, '118 Winona St.', 1, '55057'),
(34, '112 Union St.', 1, '55057'),
(35, '101 So. Division St.', 1, '55057'),
(36, '117 College St. No.', 1, '55057'),
(37, '139 N. Maple St.', 1, '55057'),
(38, '115 Maple & 701 E. 2nd St.', 1, '55057'),
(39, '209 E. 2nd St.', 1, '55057'),
(40, '105 S. Division St.', 1, '55057'),
(41, '111 S. Division St.', 1, '55057'),
(42, '110 Union St.', 1, '55057'),
(43, '104 Union St. No.', 1, '55057'),
(44, '107 S. Division St.', 1, '55057'),
(45, '401 E. 3rd St.', 1, '55057'),
(46, '109 S. Division St.', 1, '55057'),
(47, '110 N. Division St.', 1, '55057'),
(48, '715 Evans Drive', 1, '55057'),
(49, '717 - 721 2nd St. East', 1, '55057'),
(50, '715 2nd St. East', 1, '55057'),
(51, 'R.R. # 2 (E. Highway #19)', 1, '55057'),
(52, '112 S. Division St.', 1, '55057'),
(53, '706 Three Oaks Drive', 1, '55057'),
(54, '210-212 E. 1st St.', 1, '55057'),
(55, '810 E. 2nd St.', 1, '55057'),
(56, '815 E. 2nd St.', 1, '55057'),
(57, '205 College St.', 1, '55057'),
(58, '116 S. Division St.', 1, '55057'),
(59, '106 Union St.', 1, '55057'),
(60, '201 2nd St.', 1, '55057'),
(61, '119 College St.', 1, '55057'),
(62, '216 Union St.', 1, '55057'),
(63, '314 E. 2nd St.', 1, '55057'),
(64, '140 N. Nevada St.', 1, '55057'),
(65, '103 Union St.', 1, '55057'),
(66, '200 Maple St. No.', 1, '55057'),
(67, '209 First St.', 1, '55057'),
(68, '110 Nourse Lane', 1, '55057'),
(69, '217 Union St.', 1, '55057'),
(70, '7950 Stanton Blvd.', 1, '55057'),
(71, '103 So. Division St.', 1, '55057'),
(72, '218 College St.', 1, '55057'),
(73, '419 E. 3rd St.', 1, '55057'),
(74, '700 Three Oaks Drive', 1, '55057'),
(75, '110 Winona St.', 1, '55057'),
(76, '107 N. Division St.', 1, '55057'),
(77, '510 E. 4th St.', 1, '55057'),
(78, '208 College St.', 1, '55057'),
(79, '805 E. 2nd St.', 1, '55057'),
(80, '304 E. 2nd St.', 1, '55057'),
(81, '106 N. Division St.', 1, '55057'),
(82, '111-113 Nevada St.', 1, '55057'),
(83, '205 College St. No.', 1, '55057'),
(84, '107-109 Nevada St.', 1, '55057'),
(85, '300 E. 1st St.', 1, '55057'),
(86, '103 Maple St. So.', 1, '55057'),
(87, '514 E. 2nd St.', 1, '55057'),
(88, '109 Union St.', 1, '55057'),
(89, '115 N. Division St.', 1, '55057'),
(90, '715 Three Oaks Drive', 1, '55057'),
(91, '609 Three Oaks Drive', 1, '55057'),
(92, '711 Three Oaks Drive', 1, '55057'),
(93, '514 Prairie St.', 1, '55057'),
(94, '615 Three Oaks Drive', 1, '55057');

-- --------------------------------------------------------

--
-- Table structure for table `building`
--

CREATE TABLE IF NOT EXISTS `building` (
  `BuildingID` int(11) NOT NULL AUTO_INCREMENT,
  `BuildingName` varchar(256) NOT NULL,
  `BuildingCode` varchar(8) NOT NULL,
  `BuildingAddressID` int(11) DEFAULT NULL,
  `YearBuilt` decimal(4,0) DEFAULT NULL,
  `YearBought` decimal(4,0) DEFAULT NULL,
  `LatestHistory` int(11) DEFAULT NULL,
  PRIMARY KEY (`BuildingID`),
  KEY `BuildingAddressID` (`BuildingAddressID`),
  KEY `LatestHistory` (`LatestHistory`)
) ENGINE=InnoDB  DEFAULT CHARSET=latin1 AUTO_INCREMENT=95 ;

--
-- Dumping data for table `building`
--

INSERT INTO `building` (`BuildingID`, `BuildingName`, `BuildingCode`, `BuildingAddressID`, `YearBuilt`, `YearBought`, `LatestHistory`) VALUES
(1, '216 College St. (Reynolds)', '', 1, 1894, 1894, 2),
(2, '605 Three Oaks Drive (Art Studios) ', '', 2, 2010, 2010, 3),
(3, 'Alumni Guest House/Johnson House', '', 3, 1992, 1992, 4),
(4, 'Arboretum Office ', '', 4, 1989, 1989, 6),
(5, 'Arts Union', '', 5, 1910, 1910, 9),
(6, 'Bird House', '', 6, 1920, 1920, 11),
(7, 'Boliou Memorial Art Bldg.', '', 7, 1950, 1950, 14),
(8, 'Center for Mathematics and Computing', '', 8, 1993, 1993, 16),
(9, 'Facilities Building/ Steam Plant', '', 9, 1910, 1910, 18),
(10, 'Goodsell Observatory', '', 10, 1888, 1888, 20),
(11, 'Gould Memorial Library', '', 11, 1956, 1956, 23),
(12, 'Henrickson House', '', 12, 1900, 1900, 25),
(13, 'Henry House', '', 13, 1915, 1915, 27),
(14, 'Hoppin House (Alumni)', '', 14, 1885, 1885, 29),
(15, 'Hulings Hall', '', 15, 1995, 1995, 30),
(16, 'Laird Hall', '', 16, 1921, 1921, 31),
(17, 'Language & Dining Center', '', 17, 2001, 2001, 32),
(18, 'Leighton Hall', '', 18, 1921, 1921, 35),
(19, 'Mudd Hall of Science', '', 19, 1975, 1975, 36),
(20, 'Music and Drama Center', '', 20, 1971, 1971, 37),
(21, 'Music Hall', '', 21, 1915, 1915, 38),
(22, 'Olin Hall of Science', '', 22, 1961, 1961, 41),
(23, 'Sayles-Hill Campus Center', '', 23, 1911, 1911, 44),
(24, 'Scoville Hall', '', 24, 1897, 1897, 46),
(25, 'Strong House', '', 25, 1900, 1900, 49),
(26, 'Willis Memorial Hall', '', 26, 1872, 1872, 53),
(27, 'Laird Stadium', '', 27, 1928, 1928, 58),
(28, 'Recreation Center', '', 28, 2000, 2000, 59),
(29, 'West Gymnasium', '', 29, 1965, 1965, 60),
(30, '208 Union (Christensen)', '', 30, 1941, 1941, 61),
(31, '210 Winona St. (Holmquist)', '', 31, 1917, 1917, 62),
(32, 'Allen House', '', 32, 1922, 1922, 63),
(33, 'Benton House', '', 33, 1889, 1889, 64),
(34, 'Berg House', '', 34, 1950, 1950, 65),
(35, 'Brooks House', '', 35, 2001, 2001, 66),
(36, 'Burton Hall', '', 36, 1916, 1916, 68),
(37, 'Cassat Hall', '', 37, 2009, 2009, 69),
(38, 'Chaney House', '', 38, 1900, 1900, 70),
(39, 'Clader House', '', 39, 1900, 1900, 71),
(40, 'Collier House', '', 40, 2001, 2001, 72),
(41, 'Colwell House', '', 41, 2001, 2001, 73),
(42, 'Dacie Moses House', '', 42, 1900, 1900, 74),
(43, 'Davis Hall', '', 43, 1923, 1923, 76),
(44, 'Dixon House', '', 44, 2001, 2001, 77),
(45, 'Douglas House', '', 45, 1950, 1950, 78),
(46, 'Dow House', '', 46, 1935, 1935, 80),
(47, 'Eugster House', '', 47, 2001, 2001, 81),
(48, 'Evans Hall', '', 48, 1927, 1927, 84),
(49, 'Faculty Club ', '', 49, 1900, 1900, 85),
(50, 'Faculty Club Annex', '', 50, 1926, 1926, 86),
(51, 'Farm House', '', 51, 1919, 1919, 87),
(52, 'Geffert House', '', 52, 1920, 1920, 88),
(53, 'Goodhue Hall', '', 53, 1963, 1963, 91),
(54, 'Hall House', '', 54, 1920, 1920, 92),
(55, 'Headley Cottage', '', 55, 1900, 1900, 93),
(56, 'Headley House', '', 56, 1900, 1900, 95),
(57, 'Hill House', '', 57, 1900, 1900, 96),
(58, 'Hilton House', '', 58, 1900, 1900, 97),
(59, 'Hunt Cottage', '', 59, 1900, 1900, 98),
(60, 'Hunt House', '', 60, 2001, 2001, 99),
(61, 'Huntington House', '', 61, 1900, 1900, 100),
(62, 'Jewett House', '', 62, 1900, 1900, 101),
(63, 'Jones House', '', 63, 1920, 1920, 102),
(64, 'Memorial Hall', '', 64, 2009, 2009, 103),
(65, 'Musser Hall', '', 65, 1958, 1958, 105),
(66, 'Myers Hall', '', 66, 1958, 1958, 107),
(67, 'Nason House', '', 67, 2001, 2001, 108),
(68, 'Nourse Hall', '', 68, 1917, 1917, 111),
(69, 'Nutting House', '', 69, 1890, 1890, 112),
(70, 'Olin House', '', 70, 1900, 1900, 113),
(71, 'Owens House', '', 71, 2001, 2001, 114),
(72, 'Page House', '', 72, 1920, 1920, 116),
(73, 'Parish House', '', 73, 1914, 1914, 117),
(74, 'Parr House', '', 74, 1919, 1919, 118),
(75, 'Pollock House', '', 75, 1920, 1920, 119),
(76, 'Prentice House', '', 76, 1921, 1921, 120),
(77, 'Rayment House', '', 77, 1900, 1900, 121),
(78, 'Rice House', '', 78, 1920, 1920, 122),
(79, 'Rogers House', '', 79, 1900, 1900, 123),
(80, 'Ryberg House', '', 80, 1952, 1952, 124),
(81, 'Scott House', '', 81, 2001, 2001, 125),
(82, 'Seccombe House', '', 82, 1900, 1900, 126),
(83, 'Severance Hall', '', 83, 1928, 1928, 129),
(84, 'Sperry House', '', 84, 1900, 1900, 130),
(85, 'Stimson House', '', 85, 1938, 1938, 131),
(86, 'Watson Hall', '', 86, 1967, 1967, 133),
(87, 'Whittier House', '', 87, 1910, 1910, 134),
(88, 'Williams House', '', 88, 1917, 1917, 135),
(89, 'Wilson House', '', 89, 1928, 1928, 136),
(90, 'Grounds Building', '', 90, 1998, 1998, 137),
(91, 'College Warehouse', '', 91, 1999, 1999, 138),
(92, 'College Storage Garage', '', 92, 2002, 2002, 139),
(93, 'Prairie Warehouse', '', 93, 1950, 1950, 140),
(94, 'Stawbale Warehouse', '', 94, 2005, 2005, 141);

-- --------------------------------------------------------

--
-- Table structure for table `BuildingHistory`
--

CREATE TABLE IF NOT EXISTS `BuildingHistory` (
  `HistoryID` int(11) NOT NULL AUTO_INCREMENT,
  `BuildingID` int(11) DEFAULT NULL,
  `SquareFeet` double DEFAULT NULL,
  `YearChanged` year(4) NOT NULL,
  PRIMARY KEY (`HistoryID`),
  KEY `BuildingID` (`BuildingID`)
) ENGINE=InnoDB  DEFAULT CHARSET=latin1 AUTO_INCREMENT=142 ;

--
-- Dumping data for table `BuildingHistory`
--

INSERT INTO `BuildingHistory` (`HistoryID`, `BuildingID`, `SquareFeet`, `YearChanged`) VALUES
(1, 1, 4017, 0000),
(2, 1, 4017, 2007),
(3, 2, 5000, 2010),
(4, 3, 20337, 1992),
(5, 4, 2952, 1989),
(6, 4, 2952, 2002),
(7, 5, 55139, 1910),
(8, 5, 93937, 1936),
(9, 5, 149356, 1954),
(10, 6, 4780, 1920),
(11, 6, 4780, 2001),
(12, 7, 21147, 1950),
(13, 7, 21147, 1992),
(14, 7, 21147, 1995),
(15, 8, 42300, 1993),
(16, 8, 42300, 2005),
(17, 9, 25704, 1910),
(18, 9, 33104, 1995),
(19, 10, 11981, 0000),
(20, 10, 11981, 2001),
(21, 11, 58900, 1956),
(22, 11, 58900, 1983),
(23, 11, 58900, 2004),
(24, 12, 3171, 0000),
(25, 12, 3171, 1988),
(26, 13, 3000, 1915),
(27, 13, 3000, 1991),
(28, 14, 3379, 1995),
(29, 14, 3379, 2003),
(30, 15, 72000, 1995),
(31, 16, 22625, 1921),
(32, 17, 64000, 2001),
(33, 18, 37641, 1921),
(34, 18, 37641, 1978),
(35, 18, 37641, 2004),
(36, 19, 56522, 1975),
(37, 20, 49978, 1971),
(38, 21, 16515, 1915),
(39, 22, 54899, 1961),
(40, 22, 54899, 1975),
(41, 22, 54899, 1997),
(42, 23, 31469, 1911),
(43, 23, 31469, 1979),
(44, 23, 44875, 1988),
(45, 24, 14368, 0000),
(46, 24, 14368, 1956),
(47, 25, 4566, 0000),
(48, 25, 4566, 2001),
(49, 25, 4566, 2003),
(50, 26, 20337, 0000),
(51, 26, 20337, 0000),
(52, 26, 20337, 1954),
(53, 26, 20337, 1978),
(54, 27, 50710, 1928),
(55, 27, 50710, 1968),
(56, 27, 50710, 1982),
(57, 27, 50710, 1987),
(58, 27, 50710, 2010),
(59, 28, 90085, 2000),
(60, 29, 63534, 1965),
(61, 30, 2850, 1941),
(62, 31, 1926, 1917),
(63, 32, 6279, 1922),
(64, 33, 4555, 0000),
(65, 34, 3897, 1950),
(66, 35, 4181, 2001),
(67, 36, 64420, 1916),
(68, 36, 64420, 1976),
(69, 37, 52160, 2009),
(70, 38, 4634, 0000),
(71, 39, 1989, 0000),
(72, 40, 3988, 2001),
(73, 41, 3261, 2001),
(74, 42, 4000, 0000),
(75, 43, 30795, 1923),
(76, 43, 30795, 1986),
(77, 44, 3154, 2001),
(78, 45, 2950, 1950),
(79, 46, 3480, 1935),
(80, 46, 3480, 2001),
(81, 47, 5854, 2001),
(82, 48, 48963, 1927),
(83, 48, 48963, 1974),
(84, 48, 48963, 1982),
(85, 49, 15100, 0000),
(86, 50, 2404, 1926),
(87, 51, 5681, 1919),
(88, 52, 3180, 1920),
(89, 53, 66691, 1963),
(90, 53, 66691, 1995),
(91, 53, 66691, 2003),
(92, 54, 4074, 1920),
(93, 55, 1830, 0000),
(94, 56, 5257, 0000),
(95, 56, 5257, 2005),
(96, 57, 9738, 0000),
(97, 58, 1821, 0000),
(98, 59, 2800, 0000),
(99, 60, 3262, 2001),
(100, 61, 5140, 0000),
(101, 62, 7275, 0000),
(102, 63, 5739, 1920),
(103, 64, 39376, 2009),
(104, 65, 39787, 1958),
(105, 65, 39787, 2009),
(106, 66, 30712, 1958),
(107, 66, 40412, 1960),
(108, 67, 1772, 2001),
(109, 68, 36033, 1917),
(110, 68, 36033, 1992),
(111, 68, 36033, 1998),
(112, 69, 8352, 0000),
(113, 70, 1998, 0000),
(114, 71, 4297, 2001),
(115, 72, 5451, 1920),
(116, 72, 5451, 2004),
(117, 73, 17676, 1914),
(118, 74, 2284, 1919),
(119, 75, 4730, 1920),
(120, 76, 3197, 1921),
(121, 77, 1440, 0000),
(122, 78, 5616, 1920),
(123, 79, 2868, 0000),
(124, 80, 2931, 1952),
(125, 81, 4728, 2001),
(126, 82, 3468, 0000),
(127, 83, 43957, 1928),
(128, 83, 43957, 1985),
(129, 83, 43957, 2003),
(130, 84, 4429, 0000),
(131, 85, 3886, 1938),
(132, 86, 53346, 1967),
(133, 86, 53346, 2010),
(134, 87, 6402, 1910),
(135, 88, 2950, 1917),
(136, 89, 2764, 1928),
(137, 90, 5670, 1998),
(138, 91, 7200, 1999),
(139, 92, 2250, 2002),
(140, 93, 1950, 1950),
(141, 94, 2400, 2005);

-- --------------------------------------------------------

--
-- Table structure for table `BuildingType`
--

CREATE TABLE IF NOT EXISTS `BuildingType` (
  `BuildingTypeID` int(11) NOT NULL AUTO_INCREMENT,
  `Type` varchar(256) NOT NULL,
  PRIMARY KEY (`BuildingTypeID`)
) ENGINE=InnoDB  DEFAULT CHARSET=latin1 AUTO_INCREMENT=7 ;

--
-- Dumping data for table `BuildingType`
--

INSERT INTO `BuildingType` (`BuildingTypeID`, `Type`) VALUES
(1, 'academic'),
(2, 'administration'),
(3, 'athletic'),
(4, 'residential'),
(5, 'other'),
(6, 'campus utility');

-- --------------------------------------------------------

--
-- Table structure for table `Building_Room`
--

CREATE TABLE IF NOT EXISTS `Building_Room` (
  `BuildingID` int(11) DEFAULT NULL,
  `RoomNum` varchar(8) NOT NULL,
  `MeterID` int(11) DEFAULT NULL,
  KEY `BuildingID` (`BuildingID`),
  KEY `MeterID` (`MeterID`)
) ENGINE=InnoDB DEFAULT CHARSET=latin1;

-- --------------------------------------------------------

--
-- Table structure for table `CalendarType`
--

CREATE TABLE IF NOT EXISTS `CalendarType` (
  `CalendarTypeID` int(11) NOT NULL AUTO_INCREMENT,
  `Type` varchar(256) NOT NULL,
  PRIMARY KEY (`CalendarTypeID`)
) ENGINE=InnoDB  DEFAULT CHARSET=latin1 AUTO_INCREMENT=2 ;

--
-- Dumping data for table `CalendarType`
--

INSERT INTO `CalendarType` (`CalendarTypeID`, `Type`) VALUES
(1, 'break');

-- --------------------------------------------------------

--
-- Table structure for table `City`
--

CREATE TABLE IF NOT EXISTS `City` (
  `CityID` int(11) NOT NULL AUTO_INCREMENT,
  `CityName` varchar(64) NOT NULL,
  `State` char(2) NOT NULL,
  `Country` varchar(64) NOT NULL,
  PRIMARY KEY (`CityID`)
) ENGINE=InnoDB  DEFAULT CHARSET=latin1 AUTO_INCREMENT=2 ;

--
-- Dumping data for table `City`
--

INSERT INTO `City` (`CityID`, `CityName`, `State`, `Country`) VALUES
(1, 'Northfield', 'MN', 'USA');

-- --------------------------------------------------------

--
-- Table structure for table `DateObj`
--

CREATE TABLE IF NOT EXISTS `DateObj` (
  `Date` datetime NOT NULL,
  `Weekday` enum('Mon','Tue','Wed','Thu','Fri','Sat','Sun') DEFAULT NULL,
  `CalendarTypeID` int(11) DEFAULT NULL,
  `FiscalYear` year(4) DEFAULT NULL,
  PRIMARY KEY (`Date`),
  KEY `CalendarTypeID` (`CalendarTypeID`)
) ENGINE=InnoDB DEFAULT CHARSET=latin1;

--
-- Dumping data for table `DateObj`
--

INSERT INTO `DateObj` (`Date`, `Weekday`, `CalendarTypeID`, `FiscalYear`) VALUES
('2008-01-01 00:00:00', 'Tue', 1, 2008),
('2008-01-02 00:00:00', 'Wed', 1, 2008),
('2008-01-03 00:00:00', 'Thu', 1, 2008),
('2008-01-04 00:00:00', 'Fri', 1, 2008),
('2008-01-05 00:00:00', 'Sat', 1, 2008),
('2008-01-06 00:00:00', 'Sun', 1, 2008),
('2008-01-07 00:00:00', 'Mon', 1, 2008),
('2008-01-08 00:00:00', 'Tue', 1, 2008),
('2008-01-09 00:00:00', 'Wed', 1, 2008),
('2008-01-10 00:00:00', 'Thu', 1, 2008),
('2008-01-11 00:00:00', 'Fri', 1, 2008),
('2008-01-12 00:00:00', 'Sat', 1, 2008),
('2008-01-13 00:00:00', 'Sun', 1, 2008),
('2008-01-14 00:00:00', 'Mon', 1, 2008),
('2008-01-15 00:00:00', 'Tue', 1, 2008),
('2008-01-16 00:00:00', 'Wed', 1, 2008),
('2008-01-17 00:00:00', 'Thu', 1, 2008),
('2008-01-18 00:00:00', 'Fri', 1, 2008),
('2008-01-19 00:00:00', 'Sat', 1, 2008),
('2008-01-20 00:00:00', 'Sun', 1, 2008),
('2008-01-21 00:00:00', 'Mon', 1, 2008),
('2008-01-22 00:00:00', 'Tue', 1, 2008),
('2008-01-23 00:00:00', 'Wed', 1, 2008),
('2008-01-24 00:00:00', 'Thu', 1, 2008),
('2008-01-25 00:00:00', 'Fri', 1, 2008),
('2008-01-26 00:00:00', 'Sat', 1, 2008),
('2008-01-27 00:00:00', 'Sun', 1, 2008),
('2008-01-28 00:00:00', 'Mon', 1, 2008),
('2008-01-29 00:00:00', 'Tue', 1, 2008),
('2008-01-30 00:00:00', 'Wed', 1, 2008),
('2008-01-31 00:00:00', 'Thu', 1, 2008),
('2008-02-01 00:00:00', 'Fri', 1, 2008),
('2008-02-02 00:00:00', 'Sat', 1, 2008),
('2008-02-03 00:00:00', 'Sun', 1, 2008),
('2008-02-04 00:00:00', 'Mon', 1, 2008),
('2008-02-05 00:00:00', 'Tue', 1, 2008),
('2008-02-06 00:00:00', 'Wed', 1, 2008),
('2008-02-07 00:00:00', 'Thu', 1, 2008),
('2008-02-08 00:00:00', 'Fri', 1, 2008),
('2008-02-09 00:00:00', 'Sat', 1, 2008),
('2008-02-10 00:00:00', 'Sun', 1, 2008),
('2008-02-11 00:00:00', 'Mon', 1, 2008),
('2008-02-12 00:00:00', 'Tue', 1, 2008),
('2008-02-13 00:00:00', 'Wed', 1, 2008),
('2008-02-14 00:00:00', 'Thu', 1, 2008),
('2008-02-15 00:00:00', 'Fri', 1, 2008),
('2008-02-16 00:00:00', 'Sat', 1, 2008),
('2008-02-17 00:00:00', 'Sun', 1, 2008),
('2008-02-18 00:00:00', 'Mon', 1, 2008),
('2008-02-19 00:00:00', 'Tue', 1, 2008),
('2008-02-20 00:00:00', 'Wed', 1, 2008),
('2008-02-21 00:00:00', 'Thu', 1, 2008),
('2008-02-22 00:00:00', 'Fri', 1, 2008),
('2008-02-23 00:00:00', 'Sat', 1, 2008),
('2008-02-24 00:00:00', 'Sun', 1, 2008),
('2008-02-25 00:00:00', 'Mon', 1, 2008),
('2008-02-26 00:00:00', 'Tue', 1, 2008),
('2008-02-27 00:00:00', 'Wed', 1, 2008),
('2008-02-28 00:00:00', 'Thu', 1, 2008),
('2008-02-29 00:00:00', 'Fri', 1, 2008),
('2008-03-01 00:00:00', 'Sat', 1, 2008),
('2008-03-02 00:00:00', 'Sun', 1, 2008),
('2008-03-03 00:00:00', 'Mon', 1, 2008),
('2008-03-04 00:00:00', 'Tue', 1, 2008),
('2008-03-05 00:00:00', 'Wed', 1, 2008),
('2008-03-06 00:00:00', 'Thu', 1, 2008),
('2008-03-08 00:00:00', 'Sat', 1, 2008),
('2008-03-09 00:00:00', 'Sun', 1, 2008),
('2008-03-10 00:00:00', 'Mon', 1, 2008),
('2008-03-11 00:00:00', 'Tue', 1, 2008),
('2008-03-12 00:00:00', 'Wed', 1, 2008),
('2008-03-13 00:00:00', 'Thu', 1, 2008),
('2008-03-14 00:00:00', 'Fri', 1, 2008),
('2008-03-15 00:00:00', 'Sat', 1, 2008),
('2008-03-16 00:00:00', 'Sun', 1, 2008),
('2008-03-17 00:00:00', 'Mon', 1, 2008),
('2008-03-18 00:00:00', 'Tue', 1, 2008),
('2008-03-19 00:00:00', 'Wed', 1, 2008),
('2008-03-20 00:00:00', 'Thu', 1, 2008),
('2008-03-21 00:00:00', 'Fri', 1, 2008),
('2008-03-22 00:00:00', 'Sat', 1, 2008),
('2008-03-24 00:00:00', 'Mon', 1, 2008),
('2008-03-25 00:00:00', 'Tue', 1, 2008),
('2008-03-26 00:00:00', 'Wed', 1, 2008),
('2008-03-27 00:00:00', 'Thu', 1, 2008),
('2008-03-28 00:00:00', 'Fri', 1, 2008),
('2008-03-29 00:00:00', 'Sat', 1, 2008),
('2008-03-30 00:00:00', 'Sun', 1, 2008),
('2008-03-31 00:00:00', 'Mon', 1, 2008),
('2008-04-01 00:00:00', 'Tue', 1, 2008),
('2008-04-02 00:00:00', 'Wed', 1, 2008),
('2008-04-04 00:00:00', 'Fri', 1, 2008),
('2008-04-06 00:00:00', 'Sun', 1, 2008),
('2008-04-07 00:00:00', 'Mon', 1, 2008),
('2008-04-09 00:00:00', 'Wed', 1, 2008),
('2008-04-10 00:00:00', 'Thu', 1, 2008),
('2008-04-11 00:00:00', 'Fri', 1, 2008),
('2008-04-12 00:00:00', 'Sat', 1, 2008),
('2008-04-13 00:00:00', 'Sun', 1, 2008),
('2008-04-14 00:00:00', 'Mon', 1, 2008),
('2008-04-15 00:00:00', 'Tue', 1, 2008),
('2008-04-16 00:00:00', 'Wed', 1, 2008),
('2008-04-17 00:00:00', 'Thu', 1, 2008),
('2008-04-18 00:00:00', 'Fri', 1, 2008),
('2008-04-19 00:00:00', 'Sat', 1, 2008),
('2008-04-20 00:00:00', 'Sun', 1, 2008),
('2008-04-21 00:00:00', 'Mon', 1, 2008),
('2008-04-22 00:00:00', 'Tue', 1, 2008),
('2008-04-23 00:00:00', 'Wed', 1, 2008),
('2008-04-24 00:00:00', 'Thu', 1, 2008),
('2008-04-25 00:00:00', 'Fri', 1, 2008),
('2008-04-26 00:00:00', 'Sat', 1, 2008),
('2008-04-27 00:00:00', 'Sun', 1, 2008),
('2008-04-28 00:00:00', 'Mon', 1, 2008),
('2008-04-29 00:00:00', 'Tue', 1, 2008),
('2008-04-30 00:00:00', 'Wed', 1, 2008),
('2008-05-01 00:00:00', 'Thu', 1, 2008),
('2008-05-02 00:00:00', 'Fri', 1, 2008),
('2008-05-03 00:00:00', 'Sat', 1, 2008),
('2008-05-04 00:00:00', 'Sun', 1, 2008),
('2008-05-05 00:00:00', 'Mon', 1, 2008),
('2008-05-06 00:00:00', 'Tue', 1, 2008),
('2008-05-07 00:00:00', 'Wed', 1, 2008),
('2008-05-08 00:00:00', 'Thu', 1, 2008),
('2008-05-09 00:00:00', 'Fri', 1, 2008),
('2008-05-10 00:00:00', 'Sat', 1, 2008),
('2008-05-11 00:00:00', 'Sun', 1, 2008),
('2008-05-12 00:00:00', 'Mon', 1, 2008),
('2008-05-13 00:00:00', 'Tue', 1, 2008),
('2008-05-14 00:00:00', 'Wed', 1, 2008),
('2008-05-15 00:00:00', 'Thu', 1, 2008),
('2008-05-16 00:00:00', 'Fri', 1, 2008),
('2008-05-17 00:00:00', 'Sat', 1, 2008),
('2008-05-18 00:00:00', 'Sun', 1, 2008),
('2008-05-19 00:00:00', 'Mon', 1, 2008),
('2008-05-20 00:00:00', 'Tue', 1, 2008),
('2008-05-21 00:00:00', 'Wed', 1, 2008),
('2008-05-22 00:00:00', 'Thu', 1, 2008),
('2008-05-23 00:00:00', 'Fri', 1, 2008),
('2008-05-24 00:00:00', 'Sat', 1, 2008),
('2008-05-25 00:00:00', 'Sun', 1, 2008),
('2008-05-26 00:00:00', 'Mon', 1, 2008),
('2008-05-27 00:00:00', 'Tue', 1, 2008),
('2008-05-28 00:00:00', 'Wed', 1, 2008),
('2008-05-29 00:00:00', 'Thu', 1, 2008),
('2008-05-30 00:00:00', 'Fri', 1, 2008),
('2008-05-31 00:00:00', 'Sat', 1, 2008),
('2008-06-01 00:00:00', 'Sun', 1, 2008),
('2008-06-02 00:00:00', 'Mon', 1, 2008),
('2008-06-03 00:00:00', 'Tue', 1, 2008),
('2008-06-04 00:00:00', 'Wed', 1, 2008),
('2008-06-05 00:00:00', 'Thu', 1, 2008),
('2008-06-06 00:00:00', 'Fri', 1, 2008),
('2008-06-07 00:00:00', 'Sat', 1, 2008),
('2008-06-08 00:00:00', 'Sun', 1, 2008),
('2008-06-09 00:00:00', 'Mon', 1, 2008),
('2008-06-10 00:00:00', 'Tue', 1, 2008),
('2008-06-11 00:00:00', 'Wed', 1, 2008),
('2008-06-12 00:00:00', 'Thu', 1, 2008),
('2008-06-13 00:00:00', 'Fri', 1, 2008),
('2008-06-14 00:00:00', 'Sat', 1, 2008),
('2008-06-15 00:00:00', 'Sun', 1, 2008),
('2008-06-16 00:00:00', 'Mon', 1, 2008),
('2008-06-17 00:00:00', 'Tue', 1, 2008),
('2008-06-18 00:00:00', 'Wed', 1, 2008),
('2008-06-19 00:00:00', 'Thu', 1, 2008),
('2008-06-20 00:00:00', 'Fri', 1, 2008),
('2008-06-21 00:00:00', 'Sat', 1, 2008),
('2008-06-22 00:00:00', 'Sun', 1, 2008),
('2008-06-23 00:00:00', 'Mon', 1, 2008),
('2008-06-24 00:00:00', 'Tue', 1, 2008),
('2008-06-25 00:00:00', 'Wed', 1, 2008),
('2008-06-26 00:00:00', 'Thu', 1, 2008),
('2008-06-27 00:00:00', 'Fri', 1, 2008),
('2008-06-28 00:00:00', 'Sat', 1, 2008),
('2008-06-29 00:00:00', 'Sun', 1, 2008),
('2008-06-30 00:00:00', 'Mon', 1, 2008),
('2008-07-01 00:00:00', 'Tue', 1, 2009),
('2008-07-02 00:00:00', 'Wed', 1, 2009),
('2008-07-03 00:00:00', 'Thu', 1, 2009),
('2008-07-04 00:00:00', 'Fri', 1, 2009),
('2008-07-05 00:00:00', 'Sat', 1, 2009),
('2008-07-06 00:00:00', 'Sun', 1, 2009),
('2008-07-07 00:00:00', 'Mon', 1, 2009),
('2008-07-08 00:00:00', 'Tue', 1, 2009),
('2008-07-09 00:00:00', 'Wed', 1, 2009),
('2008-07-10 00:00:00', 'Thu', 1, 2009),
('2008-07-11 00:00:00', 'Fri', 1, 2009),
('2008-07-12 00:00:00', 'Sat', 1, 2009),
('2008-07-13 00:00:00', 'Sun', 1, 2009),
('2008-07-14 00:00:00', 'Mon', 1, 2009),
('2008-07-15 00:00:00', 'Tue', 1, 2009),
('2008-07-16 00:00:00', 'Wed', 1, 2009),
('2008-07-17 00:00:00', 'Thu', 1, 2009),
('2008-07-18 00:00:00', 'Fri', 1, 2009),
('2008-07-19 00:00:00', 'Sat', 1, 2009),
('2008-07-20 00:00:00', 'Sun', 1, 2009),
('2008-07-21 00:00:00', 'Mon', 1, 2009),
('2008-07-22 00:00:00', 'Tue', 1, 2009),
('2008-07-23 00:00:00', 'Wed', 1, 2009),
('2008-07-24 00:00:00', 'Thu', 1, 2009),
('2008-07-25 00:00:00', 'Fri', 1, 2009),
('2008-07-26 00:00:00', 'Sat', 1, 2009),
('2008-07-27 00:00:00', 'Sun', 1, 2009),
('2008-07-28 00:00:00', 'Mon', 1, 2009),
('2008-07-29 00:00:00', 'Tue', 1, 2009),
('2008-07-30 00:00:00', 'Wed', 1, 2009),
('2008-07-31 00:00:00', 'Thu', 1, 2009),
('2008-08-01 00:00:00', 'Fri', 1, 2009),
('2008-08-03 00:00:00', 'Sun', 1, 2009),
('2008-08-04 00:00:00', 'Mon', 1, 2009),
('2008-08-05 00:00:00', 'Tue', 1, 2009),
('2008-08-06 00:00:00', 'Wed', 1, 2009),
('2008-08-07 00:00:00', 'Thu', 1, 2009),
('2008-08-08 00:00:00', 'Fri', 1, 2009),
('2008-08-09 00:00:00', 'Sat', 1, 2009),
('2008-08-10 00:00:00', 'Sun', 1, 2009),
('2008-08-11 00:00:00', 'Mon', 1, 2009),
('2008-08-12 00:00:00', 'Tue', 1, 2009),
('2008-08-13 00:00:00', 'Wed', 1, 2009),
('2008-08-14 00:00:00', 'Thu', 1, 2009),
('2008-08-15 00:00:00', 'Fri', 1, 2009),
('2008-08-16 00:00:00', 'Sat', 1, 2009),
('2008-08-17 00:00:00', 'Sun', 1, 2009),
('2008-08-18 00:00:00', 'Mon', 1, 2009),
('2008-08-19 00:00:00', 'Tue', 1, 2009),
('2008-08-20 00:00:00', 'Wed', 1, 2009),
('2008-08-21 00:00:00', 'Thu', 1, 2009),
('2008-08-22 00:00:00', 'Fri', 1, 2009),
('2008-08-23 00:00:00', 'Sat', 1, 2009),
('2008-08-24 00:00:00', 'Sun', 1, 2009),
('2008-08-25 00:00:00', 'Mon', 1, 2009),
('2008-08-26 00:00:00', 'Tue', 1, 2009),
('2008-08-27 00:00:00', 'Wed', 1, 2009),
('2008-08-28 00:00:00', 'Thu', 1, 2009),
('2008-08-29 00:00:00', 'Fri', 1, 2009),
('2008-08-30 00:00:00', 'Sat', 1, 2009),
('2008-08-31 00:00:00', 'Sun', 1, 2009),
('2008-09-01 00:00:00', 'Mon', 1, 2009),
('2008-09-02 00:00:00', 'Tue', 1, 2009),
('2008-09-03 00:00:00', 'Wed', 1, 2009),
('2008-09-04 00:00:00', 'Thu', 1, 2009),
('2008-09-05 00:00:00', 'Fri', 1, 2009),
('2008-09-06 00:00:00', 'Sat', 1, 2009),
('2008-09-07 00:00:00', 'Sun', 1, 2009),
('2008-09-08 00:00:00', 'Mon', 1, 2009),
('2008-09-09 00:00:00', 'Tue', 1, 2009),
('2008-09-10 00:00:00', 'Wed', 1, 2009),
('2008-09-11 00:00:00', 'Thu', 1, 2009),
('2008-09-12 00:00:00', 'Fri', 1, 2009),
('2008-09-13 00:00:00', 'Sat', 1, 2009),
('2008-09-14 00:00:00', 'Sun', 1, 2009),
('2008-09-15 00:00:00', 'Mon', 1, 2009),
('2008-09-16 00:00:00', 'Tue', 1, 2009),
('2008-09-17 00:00:00', 'Wed', 1, 2009),
('2008-09-18 00:00:00', 'Thu', 1, 2009),
('2008-09-19 00:00:00', 'Fri', 1, 2009),
('2008-09-20 00:00:00', 'Sat', 1, 2009),
('2008-09-21 00:00:00', 'Sun', 1, 2009),
('2008-09-22 00:00:00', 'Mon', 1, 2009),
('2008-09-23 00:00:00', 'Tue', 1, 2009),
('2008-09-24 00:00:00', 'Wed', 1, 2009),
('2008-09-25 00:00:00', 'Thu', 1, 2009),
('2008-09-26 00:00:00', 'Fri', 1, 2009),
('2008-09-27 00:00:00', 'Sat', 1, 2009),
('2008-09-28 00:00:00', 'Sun', 1, 2009),
('2008-09-29 00:00:00', 'Mon', 1, 2009),
('2008-09-30 00:00:00', 'Tue', 1, 2009),
('2008-10-01 00:00:00', 'Wed', 1, 2009),
('2008-10-02 00:00:00', 'Thu', 1, 2009),
('2008-10-03 00:00:00', 'Fri', 1, 2009),
('2008-10-04 00:00:00', 'Sat', 1, 2009),
('2008-10-05 00:00:00', 'Sun', 1, 2009),
('2008-10-06 00:00:00', 'Mon', 1, 2009),
('2008-10-07 00:00:00', 'Tue', 1, 2009),
('2008-10-08 00:00:00', 'Wed', 1, 2009),
('2008-10-09 00:00:00', 'Thu', 1, 2009),
('2008-10-10 00:00:00', 'Fri', 1, 2009),
('2008-10-11 00:00:00', 'Sat', 1, 2009),
('2008-10-12 00:00:00', 'Sun', 1, 2009),
('2008-10-13 00:00:00', 'Mon', 1, 2009),
('2008-10-14 00:00:00', 'Tue', 1, 2009),
('2008-10-15 00:00:00', 'Wed', 1, 2009),
('2008-10-16 00:00:00', 'Thu', 1, 2009),
('2008-10-17 00:00:00', 'Fri', 1, 2009),
('2008-10-18 00:00:00', 'Sat', 1, 2009),
('2008-10-19 00:00:00', 'Sun', 1, 2009),
('2008-10-20 00:00:00', 'Mon', 1, 2009),
('2008-10-21 00:00:00', 'Tue', 1, 2009),
('2008-10-22 00:00:00', 'Wed', 1, 2009),
('2008-10-23 00:00:00', 'Thu', 1, 2009),
('2008-10-24 00:00:00', 'Fri', 1, 2009),
('2008-10-25 00:00:00', 'Sat', 1, 2009),
('2008-10-26 00:00:00', 'Sun', 1, 2009),
('2008-10-27 00:00:00', 'Mon', 1, 2009),
('2008-10-28 00:00:00', 'Tue', 1, 2009),
('2008-10-29 00:00:00', 'Wed', 1, 2009),
('2008-10-30 00:00:00', 'Thu', 1, 2009),
('2008-10-31 00:00:00', 'Fri', 1, 2009),
('2008-11-01 00:00:00', 'Sat', 1, 2009),
('2008-11-02 00:00:00', 'Sun', 1, 2009),
('2008-11-03 00:00:00', 'Mon', 1, 2009),
('2008-11-04 00:00:00', 'Tue', 1, 2009),
('2008-11-05 00:00:00', 'Wed', 1, 2009),
('2008-11-06 00:00:00', 'Thu', 1, 2009),
('2008-11-07 00:00:00', 'Fri', 1, 2009),
('2008-11-08 00:00:00', 'Sat', 1, 2009),
('2008-11-09 00:00:00', 'Sun', 1, 2009),
('2008-11-10 00:00:00', 'Mon', 1, 2009),
('2008-11-11 00:00:00', 'Tue', 1, 2009),
('2008-11-12 00:00:00', 'Wed', 1, 2009),
('2008-11-13 00:00:00', 'Thu', 1, 2009),
('2008-11-14 00:00:00', 'Fri', 1, 2009),
('2008-11-15 00:00:00', 'Sat', 1, 2009),
('2008-11-16 00:00:00', 'Sun', 1, 2009),
('2008-11-17 00:00:00', 'Mon', 1, 2009),
('2008-11-18 00:00:00', 'Tue', 1, 2009),
('2008-11-19 00:00:00', 'Wed', 1, 2009),
('2008-11-20 00:00:00', 'Thu', 1, 2009),
('2008-11-21 00:00:00', 'Fri', 1, 2009),
('2008-11-22 00:00:00', 'Sat', 1, 2009),
('2008-11-23 00:00:00', 'Sun', 1, 2009),
('2008-11-24 00:00:00', 'Mon', 1, 2009),
('2008-11-25 00:00:00', 'Tue', 1, 2009),
('2008-11-26 00:00:00', 'Wed', 1, 2009),
('2008-11-27 00:00:00', 'Thu', 1, 2009),
('2008-11-28 00:00:00', 'Fri', 1, 2009),
('2008-11-29 00:00:00', 'Sat', 1, 2009),
('2008-11-30 00:00:00', 'Sun', 1, 2009),
('2008-12-01 00:00:00', 'Mon', 1, 2009),
('2008-12-02 00:00:00', 'Tue', 1, 2009),
('2008-12-03 00:00:00', 'Wed', 1, 2009),
('2008-12-04 00:00:00', 'Thu', 1, 2009),
('2008-12-05 00:00:00', 'Fri', 1, 2009),
('2008-12-06 00:00:00', 'Sat', 1, 2009),
('2008-12-07 00:00:00', 'Sun', 1, 2009),
('2008-12-08 00:00:00', 'Mon', 1, 2009),
('2008-12-09 00:00:00', 'Tue', 1, 2009),
('2008-12-10 00:00:00', 'Wed', 1, 2009),
('2008-12-11 00:00:00', 'Thu', 1, 2009),
('2008-12-12 00:00:00', 'Fri', 1, 2009),
('2008-12-13 00:00:00', 'Sat', 1, 2009),
('2008-12-14 00:00:00', 'Sun', 1, 2009),
('2008-12-15 00:00:00', 'Mon', 1, 2009),
('2008-12-16 00:00:00', 'Tue', 1, 2009),
('2008-12-17 00:00:00', 'Wed', 1, 2009),
('2008-12-18 00:00:00', 'Thu', 1, 2009),
('2008-12-19 00:00:00', 'Fri', 1, 2009),
('2008-12-20 00:00:00', 'Sat', 1, 2009),
('2008-12-21 00:00:00', 'Sun', 1, 2009),
('2008-12-22 00:00:00', 'Mon', 1, 2009),
('2008-12-23 00:00:00', 'Tue', 1, 2009),
('2008-12-24 00:00:00', 'Wed', 1, 2009),
('2008-12-25 00:00:00', 'Thu', 1, 2009),
('2008-12-26 00:00:00', 'Fri', 1, 2009),
('2008-12-27 00:00:00', 'Sat', 1, 2009),
('2008-12-28 00:00:00', 'Sun', 1, 2009),
('2008-12-29 00:00:00', 'Mon', 1, 2009),
('2008-12-30 00:00:00', 'Tue', 1, 2009),
('2008-12-31 00:00:00', 'Wed', 1, 2009),
('2009-01-01 00:00:00', 'Thu', 1, 2009),
('2009-01-02 00:00:00', 'Fri', 1, 2009),
('2009-01-03 00:00:00', 'Sat', 1, 2009),
('2009-01-04 00:00:00', 'Sun', 1, 2009),
('2009-01-05 00:00:00', 'Mon', 1, 2009),
('2009-01-06 00:00:00', 'Tue', 1, 2009),
('2009-01-07 00:00:00', 'Wed', 1, 2009),
('2009-01-08 00:00:00', 'Thu', 1, 2009),
('2009-01-09 00:00:00', 'Fri', 1, 2009),
('2009-01-10 00:00:00', 'Sat', 1, 2009),
('2009-01-11 00:00:00', 'Sun', 1, 2009),
('2009-01-12 00:00:00', 'Mon', 1, 2009),
('2009-01-13 00:00:00', 'Tue', 1, 2009),
('2009-01-14 00:00:00', 'Wed', 1, 2009),
('2009-01-15 00:00:00', 'Thu', 1, 2009),
('2009-01-16 00:00:00', 'Fri', 1, 2009),
('2009-01-17 00:00:00', 'Sat', 1, 2009),
('2009-01-18 00:00:00', 'Sun', 1, 2009),
('2009-01-19 00:00:00', 'Mon', 1, 2009),
('2009-01-20 00:00:00', 'Tue', 1, 2009),
('2009-01-21 00:00:00', 'Wed', 1, 2009),
('2009-01-22 00:00:00', 'Thu', 1, 2009),
('2009-01-23 00:00:00', 'Fri', 1, 2009),
('2009-01-24 00:00:00', 'Sat', 1, 2009),
('2009-01-25 00:00:00', 'Sun', 1, 2009),
('2009-01-26 00:00:00', 'Mon', 1, 2009),
('2009-01-27 00:00:00', 'Tue', 1, 2009),
('2009-01-28 00:00:00', 'Wed', 1, 2009),
('2009-01-29 00:00:00', 'Thu', 1, 2009),
('2009-01-30 00:00:00', 'Fri', 1, 2009),
('2009-01-31 00:00:00', 'Sat', 1, 2009),
('2009-02-01 00:00:00', 'Sun', 1, 2009),
('2009-02-02 00:00:00', 'Mon', 1, 2009),
('2009-02-03 00:00:00', 'Tue', 1, 2009),
('2009-02-04 00:00:00', 'Wed', 1, 2009),
('2009-02-05 00:00:00', 'Thu', 1, 2009),
('2009-02-06 00:00:00', 'Fri', 1, 2009),
('2009-02-07 00:00:00', 'Sat', 1, 2009),
('2009-02-08 00:00:00', 'Sun', 1, 2009),
('2009-02-09 00:00:00', 'Mon', 1, 2009),
('2009-02-10 00:00:00', 'Tue', 1, 2009),
('2009-02-11 00:00:00', 'Wed', 1, 2009),
('2009-02-12 00:00:00', 'Thu', 1, 2009),
('2009-02-13 00:00:00', 'Fri', 1, 2009),
('2009-02-14 00:00:00', 'Sat', 1, 2009),
('2009-02-15 00:00:00', 'Sun', 1, 2009),
('2009-02-16 00:00:00', 'Mon', 1, 2009),
('2009-02-17 00:00:00', 'Tue', 1, 2009),
('2009-02-18 00:00:00', 'Wed', 1, 2009),
('2009-02-19 00:00:00', 'Thu', 1, 2009),
('2009-02-20 00:00:00', 'Fri', 1, 2009),
('2009-02-21 00:00:00', 'Sat', 1, 2009),
('2009-02-22 00:00:00', 'Sun', 1, 2009),
('2009-02-23 00:00:00', 'Mon', 1, 2009),
('2009-02-24 00:00:00', 'Tue', 1, 2009),
('2009-02-25 00:00:00', 'Wed', 1, 2009),
('2009-02-26 00:00:00', 'Thu', 1, 2009),
('2009-02-27 00:00:00', 'Fri', 1, 2009),
('2009-02-28 00:00:00', 'Sat', 1, 2009),
('2009-03-01 00:00:00', 'Sun', 1, 2009),
('2009-03-02 00:00:00', 'Mon', 1, 2009),
('2009-03-03 00:00:00', 'Tue', 1, 2009),
('2009-03-04 00:00:00', 'Wed', 1, 2009),
('2009-03-05 00:00:00', 'Thu', 1, 2009),
('2009-03-06 00:00:00', 'Fri', 1, 2009),
('2009-03-07 00:00:00', 'Sat', 1, 2009),
('2009-03-08 00:00:00', 'Sun', 1, 2009),
('2009-03-09 00:00:00', 'Mon', 1, 2009),
('2009-03-10 00:00:00', 'Tue', 1, 2009),
('2009-03-11 00:00:00', 'Wed', 1, 2009),
('2009-03-12 00:00:00', 'Thu', 1, 2009),
('2009-03-13 00:00:00', 'Fri', 1, 2009),
('2009-03-14 00:00:00', 'Sat', 1, 2009),
('2009-03-15 00:00:00', 'Sun', 1, 2009),
('2009-03-16 00:00:00', 'Mon', 1, 2009),
('2009-03-17 00:00:00', 'Tue', 1, 2009),
('2009-03-18 00:00:00', 'Wed', 1, 2009),
('2009-03-19 00:00:00', 'Thu', 1, 2009),
('2009-03-20 00:00:00', 'Fri', 1, 2009),
('2009-03-21 00:00:00', 'Sat', 1, 2009),
('2009-03-22 00:00:00', 'Sun', 1, 2009),
('2009-03-23 00:00:00', 'Mon', 1, 2009),
('2009-03-24 00:00:00', 'Tue', 1, 2009),
('2009-03-25 00:00:00', 'Wed', 1, 2009),
('2009-03-26 00:00:00', 'Thu', 1, 2009),
('2009-03-27 00:00:00', 'Fri', 1, 2009),
('2009-03-28 00:00:00', 'Sat', 1, 2009),
('2009-03-29 00:00:00', 'Sun', 1, 2009),
('2009-03-30 00:00:00', 'Mon', 1, 2009),
('2009-03-31 00:00:00', 'Tue', 1, 2009),
('2009-04-01 00:00:00', 'Wed', 1, 2009),
('2009-04-02 00:00:00', 'Thu', 1, 2009),
('2009-04-03 00:00:00', 'Fri', 1, 2009),
('2009-04-04 00:00:00', 'Sat', 1, 2009),
('2009-04-05 00:00:00', 'Sun', 1, 2009),
('2009-04-06 00:00:00', 'Mon', 1, 2009),
('2009-04-07 00:00:00', 'Tue', 1, 2009),
('2009-04-08 00:00:00', 'Wed', 1, 2009),
('2009-04-09 00:00:00', 'Thu', 1, 2009),
('2009-04-10 00:00:00', 'Fri', 1, 2009),
('2009-04-11 00:00:00', 'Sat', 1, 2009),
('2009-04-12 00:00:00', 'Sun', 1, 2009),
('2009-04-13 00:00:00', 'Mon', 1, 2009),
('2009-04-14 00:00:00', 'Tue', 1, 2009),
('2009-04-15 00:00:00', 'Wed', 1, 2009),
('2009-04-16 00:00:00', 'Thu', 1, 2009),
('2009-04-17 00:00:00', 'Fri', 1, 2009),
('2009-04-18 00:00:00', 'Sat', 1, 2009),
('2009-04-19 00:00:00', 'Sun', 1, 2009),
('2009-04-20 00:00:00', 'Mon', 1, 2009),
('2009-04-21 00:00:00', 'Tue', 1, 2009),
('2009-04-22 00:00:00', 'Wed', 1, 2009),
('2009-04-23 00:00:00', 'Thu', 1, 2009),
('2009-04-24 00:00:00', 'Fri', 1, 2009),
('2009-04-25 00:00:00', 'Sat', 1, 2009),
('2009-04-26 00:00:00', 'Sun', 1, 2009),
('2009-04-27 00:00:00', 'Mon', 1, 2009),
('2009-04-28 00:00:00', 'Tue', 1, 2009),
('2009-04-29 00:00:00', 'Wed', 1, 2009),
('2009-04-30 00:00:00', 'Thu', 1, 2009),
('2009-05-01 00:00:00', 'Fri', 1, 2009),
('2009-05-02 00:00:00', 'Sat', 1, 2009),
('2009-05-03 00:00:00', 'Sun', 1, 2009),
('2009-05-04 00:00:00', 'Mon', 1, 2009),
('2009-05-05 00:00:00', 'Tue', 1, 2009),
('2009-05-06 00:00:00', 'Wed', 1, 2009),
('2009-05-07 00:00:00', 'Thu', 1, 2009),
('2009-05-08 00:00:00', 'Fri', 1, 2009),
('2009-05-09 00:00:00', 'Sat', 1, 2009),
('2009-05-10 00:00:00', 'Sun', 1, 2009),
('2009-05-11 00:00:00', 'Mon', 1, 2009),
('2009-05-12 00:00:00', 'Tue', 1, 2009),
('2009-05-13 00:00:00', 'Wed', 1, 2009),
('2009-05-14 00:00:00', 'Thu', 1, 2009),
('2009-05-15 00:00:00', 'Fri', 1, 2009),
('2009-05-16 00:00:00', 'Sat', 1, 2009),
('2009-05-17 00:00:00', 'Sun', 1, 2009),
('2009-05-18 00:00:00', 'Mon', 1, 2009),
('2009-05-19 00:00:00', 'Tue', 1, 2009),
('2009-05-20 00:00:00', 'Wed', 1, 2009),
('2009-05-21 00:00:00', 'Thu', 1, 2009),
('2009-05-22 00:00:00', 'Fri', 1, 2009),
('2009-05-23 00:00:00', 'Sat', 1, 2009),
('2009-05-24 00:00:00', 'Sun', 1, 2009),
('2009-05-25 00:00:00', 'Mon', 1, 2009),
('2009-05-26 00:00:00', 'Tue', 1, 2009),
('2009-05-27 00:00:00', 'Wed', 1, 2009),
('2009-05-28 00:00:00', 'Thu', 1, 2009),
('2009-05-29 00:00:00', 'Fri', 1, 2009),
('2009-05-30 00:00:00', 'Sat', 1, 2009),
('2009-05-31 00:00:00', 'Sun', 1, 2009),
('2009-06-01 00:00:00', 'Mon', 1, 2009),
('2009-06-02 00:00:00', 'Tue', 1, 2009),
('2009-06-03 00:00:00', 'Wed', 1, 2009),
('2009-06-04 00:00:00', 'Thu', 1, 2009),
('2009-06-05 00:00:00', 'Fri', 1, 2009),
('2009-06-06 00:00:00', 'Sat', 1, 2009),
('2009-06-07 00:00:00', 'Sun', 1, 2009),
('2009-06-08 00:00:00', 'Mon', 1, 2009),
('2009-06-09 00:00:00', 'Tue', 1, 2009),
('2009-06-10 00:00:00', 'Wed', 1, 2009),
('2009-06-11 00:00:00', 'Thu', 1, 2009),
('2009-06-12 00:00:00', 'Fri', 1, 2009),
('2009-06-13 00:00:00', 'Sat', 1, 2009),
('2009-06-14 00:00:00', 'Sun', 1, 2009),
('2009-06-15 00:00:00', 'Mon', 1, 2009),
('2009-06-16 00:00:00', 'Tue', 1, 2009),
('2009-06-17 00:00:00', 'Wed', 1, 2009),
('2009-06-18 00:00:00', 'Thu', 1, 2009),
('2009-06-19 00:00:00', 'Fri', 1, 2009),
('2009-06-20 00:00:00', 'Sat', 1, 2009),
('2009-06-21 00:00:00', 'Sun', 1, 2009),
('2009-06-22 00:00:00', 'Mon', 1, 2009),
('2009-06-23 00:00:00', 'Tue', 1, 2009),
('2009-06-24 00:00:00', 'Wed', 1, 2009),
('2009-06-25 00:00:00', 'Thu', 1, 2009),
('2009-06-26 00:00:00', 'Fri', 1, 2009),
('2009-06-27 00:00:00', 'Sat', 1, 2009),
('2009-06-28 00:00:00', 'Sun', 1, 2009),
('2009-06-29 00:00:00', 'Mon', 1, 2009),
('2009-06-30 00:00:00', 'Tue', 1, 2009),
('2009-07-01 00:00:00', 'Wed', 1, 2010),
('2009-07-02 00:00:00', 'Thu', 1, 2010),
('2009-07-03 00:00:00', 'Fri', 1, 2010),
('2009-07-04 00:00:00', 'Sat', 1, 2010),
('2009-07-05 00:00:00', 'Sun', 1, 2010),
('2009-07-06 00:00:00', 'Mon', 1, 2010),
('2009-07-07 00:00:00', 'Tue', 1, 2010),
('2009-07-08 00:00:00', 'Wed', 1, 2010),
('2009-07-09 00:00:00', 'Thu', 1, 2010),
('2009-07-10 00:00:00', 'Fri', 1, 2010),
('2009-07-11 00:00:00', 'Sat', 1, 2010),
('2009-07-12 00:00:00', 'Sun', 1, 2010),
('2009-07-13 00:00:00', 'Mon', 1, 2010),
('2009-07-14 00:00:00', 'Tue', 1, 2010),
('2009-07-15 00:00:00', 'Wed', 1, 2010),
('2009-07-16 00:00:00', 'Thu', 1, 2010),
('2009-07-17 00:00:00', 'Fri', 1, 2010),
('2009-07-18 00:00:00', 'Sat', 1, 2010),
('2009-07-19 00:00:00', 'Sun', 1, 2010),
('2009-07-20 00:00:00', 'Mon', 1, 2010),
('2009-07-21 00:00:00', 'Tue', 1, 2010),
('2009-07-22 00:00:00', 'Wed', 1, 2010),
('2009-07-23 00:00:00', 'Thu', 1, 2010),
('2009-07-24 00:00:00', 'Fri', 1, 2010),
('2009-07-25 00:00:00', 'Sat', 1, 2010),
('2009-07-26 00:00:00', 'Sun', 1, 2010),
('2009-07-27 00:00:00', 'Mon', 1, 2010),
('2009-07-28 00:00:00', 'Tue', 1, 2010),
('2009-07-29 00:00:00', 'Wed', 1, 2010),
('2009-07-30 00:00:00', 'Thu', 1, 2010),
('2009-07-31 00:00:00', 'Fri', 1, 2010),
('2009-08-01 00:00:00', 'Sat', 1, 2010),
('2009-08-02 00:00:00', 'Sun', 1, 2010),
('2009-08-03 00:00:00', 'Mon', 1, 2010),
('2009-08-04 00:00:00', 'Tue', 1, 2010),
('2009-08-05 00:00:00', 'Wed', 1, 2010),
('2009-08-06 00:00:00', 'Thu', 1, 2010),
('2009-08-07 00:00:00', 'Fri', 1, 2010),
('2009-08-08 00:00:00', 'Sat', 1, 2010),
('2009-08-09 00:00:00', 'Sun', 1, 2010),
('2009-08-10 00:00:00', 'Mon', 1, 2010),
('2009-08-11 00:00:00', 'Tue', 1, 2010),
('2009-08-12 00:00:00', 'Wed', 1, 2010),
('2009-08-13 00:00:00', 'Thu', 1, 2010),
('2009-08-14 00:00:00', 'Fri', 1, 2010),
('2009-08-15 00:00:00', 'Sat', 1, 2010),
('2009-08-16 00:00:00', 'Sun', 1, 2010),
('2009-08-17 00:00:00', 'Mon', 1, 2010),
('2009-08-18 00:00:00', 'Tue', 1, 2010),
('2009-08-19 00:00:00', 'Wed', 1, 2010),
('2009-08-20 00:00:00', 'Thu', 1, 2010),
('2009-08-21 00:00:00', 'Fri', 1, 2010),
('2009-08-22 00:00:00', 'Sat', 1, 2010),
('2009-08-23 00:00:00', 'Sun', 1, 2010),
('2009-08-24 00:00:00', 'Mon', 1, 2010),
('2009-08-25 00:00:00', 'Tue', 1, 2010),
('2009-08-26 00:00:00', 'Wed', 1, 2010),
('2009-08-27 00:00:00', 'Thu', 1, 2010),
('2009-08-28 00:00:00', 'Fri', 1, 2010),
('2009-08-29 00:00:00', 'Sat', 1, 2010),
('2009-08-30 00:00:00', 'Sun', 1, 2010),
('2009-08-31 00:00:00', 'Mon', 1, 2010),
('2009-09-01 00:00:00', 'Tue', 1, 2010),
('2009-09-02 00:00:00', 'Wed', 1, 2010),
('2009-09-03 00:00:00', 'Thu', 1, 2010),
('2009-09-04 00:00:00', 'Fri', 1, 2010),
('2009-09-05 00:00:00', 'Sat', 1, 2010),
('2009-09-06 00:00:00', 'Sun', 1, 2010),
('2009-09-07 00:00:00', 'Mon', 1, 2010),
('2009-09-08 00:00:00', 'Tue', 1, 2010),
('2009-09-09 00:00:00', 'Wed', 1, 2010),
('2009-09-10 00:00:00', 'Thu', 1, 2010),
('2009-09-11 00:00:00', 'Fri', 1, 2010),
('2009-09-12 00:00:00', 'Sat', 1, 2010),
('2009-09-13 00:00:00', 'Sun', 1, 2010),
('2009-09-14 00:00:00', 'Mon', 1, 2010),
('2009-09-15 00:00:00', 'Tue', 1, 2010),
('2009-09-16 00:00:00', 'Wed', 1, 2010),
('2009-09-17 00:00:00', 'Thu', 1, 2010),
('2009-09-18 00:00:00', 'Fri', 1, 2010),
('2009-09-19 00:00:00', 'Sat', 1, 2010),
('2009-09-20 00:00:00', 'Sun', 1, 2010),
('2009-09-21 00:00:00', 'Mon', 1, 2010),
('2009-09-22 00:00:00', 'Tue', 1, 2010),
('2009-09-23 00:00:00', 'Wed', 1, 2010),
('2009-09-24 00:00:00', 'Thu', 1, 2010),
('2009-09-25 00:00:00', 'Fri', 1, 2010),
('2009-09-26 00:00:00', 'Sat', 1, 2010),
('2009-09-27 00:00:00', 'Sun', 1, 2010),
('2009-09-28 00:00:00', 'Mon', 1, 2010),
('2009-09-29 00:00:00', 'Tue', 1, 2010),
('2009-09-30 00:00:00', 'Wed', 1, 2010),
('2009-10-01 00:00:00', 'Thu', 1, 2010),
('2009-10-02 00:00:00', 'Fri', 1, 2010),
('2009-10-03 00:00:00', 'Sat', 1, 2010),
('2009-10-04 00:00:00', 'Sun', 1, 2010),
('2009-10-05 00:00:00', 'Mon', 1, 2010),
('2009-10-06 00:00:00', 'Tue', 1, 2010),
('2009-10-07 00:00:00', 'Wed', 1, 2010),
('2009-10-08 00:00:00', 'Thu', 1, 2010),
('2009-10-09 00:00:00', 'Fri', 1, 2010),
('2009-10-10 00:00:00', 'Sat', 1, 2010),
('2009-10-11 00:00:00', 'Sun', 1, 2010),
('2009-10-12 00:00:00', 'Mon', 1, 2010),
('2009-10-13 00:00:00', 'Tue', 1, 2010),
('2009-10-14 00:00:00', 'Wed', 1, 2010),
('2009-10-15 00:00:00', 'Thu', 1, 2010),
('2009-10-16 00:00:00', 'Fri', 1, 2010),
('2009-10-17 00:00:00', 'Sat', 1, 2010),
('2009-10-18 00:00:00', 'Sun', 1, 2010),
('2009-10-19 00:00:00', 'Mon', 1, 2010),
('2009-10-20 00:00:00', 'Tue', 1, 2010),
('2009-10-21 00:00:00', 'Wed', 1, 2010),
('2009-10-22 00:00:00', 'Thu', 1, 2010),
('2009-10-23 00:00:00', 'Fri', 1, 2010),
('2009-10-24 00:00:00', 'Sat', 1, 2010),
('2009-10-25 00:00:00', 'Sun', 1, 2010),
('2009-10-26 00:00:00', 'Mon', 1, 2010),
('2009-10-27 00:00:00', 'Tue', 1, 2010),
('2009-10-28 00:00:00', 'Wed', 1, 2010),
('2009-10-29 00:00:00', 'Thu', 1, 2010),
('2009-10-30 00:00:00', 'Fri', 1, 2010),
('2009-10-31 00:00:00', 'Sat', 1, 2010),
('2009-11-01 00:00:00', 'Sun', 1, 2010),
('2009-11-02 00:00:00', 'Mon', 1, 2010),
('2009-11-03 00:00:00', 'Tue', 1, 2010),
('2009-11-04 00:00:00', 'Wed', 1, 2010),
('2009-11-05 00:00:00', 'Thu', 1, 2010),
('2009-11-06 00:00:00', 'Fri', 1, 2010),
('2009-11-07 00:00:00', 'Sat', 1, 2010),
('2009-11-08 00:00:00', 'Sun', 1, 2010),
('2009-11-09 00:00:00', 'Mon', 1, 2010),
('2009-11-10 00:00:00', 'Tue', 1, 2010),
('2009-11-11 00:00:00', 'Wed', 1, 2010),
('2009-11-12 00:00:00', 'Thu', 1, 2010),
('2009-11-13 00:00:00', 'Fri', 1, 2010),
('2009-11-14 00:00:00', 'Sat', 1, 2010),
('2009-11-15 00:00:00', 'Sun', 1, 2010),
('2009-11-16 00:00:00', 'Mon', 1, 2010),
('2009-11-17 00:00:00', 'Tue', 1, 2010),
('2009-11-18 00:00:00', 'Wed', 1, 2010),
('2009-11-19 00:00:00', 'Thu', 1, 2010),
('2009-11-20 00:00:00', 'Fri', 1, 2010),
('2009-11-21 00:00:00', 'Sat', 1, 2010),
('2009-11-22 00:00:00', 'Sun', 1, 2010),
('2009-11-23 00:00:00', 'Mon', 1, 2010),
('2009-11-24 00:00:00', 'Tue', 1, 2010),
('2009-11-25 00:00:00', 'Wed', 1, 2010),
('2009-11-26 00:00:00', 'Thu', 1, 2010),
('2009-11-27 00:00:00', 'Fri', 1, 2010),
('2009-11-28 00:00:00', 'Sat', 1, 2010),
('2009-11-29 00:00:00', 'Sun', 1, 2010),
('2009-11-30 00:00:00', 'Mon', 1, 2010),
('2009-12-01 00:00:00', 'Tue', 1, 2010),
('2009-12-02 00:00:00', 'Wed', 1, 2010),
('2009-12-03 00:00:00', 'Thu', 1, 2010),
('2009-12-04 00:00:00', 'Fri', 1, 2010),
('2009-12-05 00:00:00', 'Sat', 1, 2010),
('2009-12-06 00:00:00', 'Sun', 1, 2010),
('2009-12-07 00:00:00', 'Mon', 1, 2010),
('2009-12-08 00:00:00', 'Tue', 1, 2010),
('2009-12-09 00:00:00', 'Wed', 1, 2010),
('2009-12-10 00:00:00', 'Thu', 1, 2010),
('2009-12-11 00:00:00', 'Fri', 1, 2010),
('2009-12-12 00:00:00', 'Sat', 1, 2010),
('2009-12-13 00:00:00', 'Sun', 1, 2010),
('2009-12-14 00:00:00', 'Mon', 1, 2010),
('2009-12-15 00:00:00', 'Tue', 1, 2010),
('2009-12-16 00:00:00', 'Wed', 1, 2010),
('2009-12-17 00:00:00', 'Thu', 1, 2010),
('2009-12-18 00:00:00', 'Fri', 1, 2010),
('2009-12-19 00:00:00', 'Sat', 1, 2010),
('2009-12-20 00:00:00', 'Sun', 1, 2010),
('2009-12-21 00:00:00', 'Mon', 1, 2010),
('2009-12-22 00:00:00', 'Tue', 1, 2010),
('2009-12-23 00:00:00', 'Wed', 1, 2010),
('2009-12-24 00:00:00', 'Thu', 1, 2010),
('2009-12-25 00:00:00', 'Fri', 1, 2010),
('2009-12-26 00:00:00', 'Sat', 1, 2010),
('2009-12-27 00:00:00', 'Sun', 1, 2010),
('2009-12-28 00:00:00', 'Mon', 1, 2010),
('2009-12-29 00:00:00', 'Tue', 1, 2010),
('2009-12-30 00:00:00', 'Wed', 1, 2010),
('2009-12-31 00:00:00', 'Thu', 1, 2010),
('2010-01-01 00:00:00', 'Fri', 1, 2010),
('2010-01-02 00:00:00', 'Sat', 1, 2010),
('2010-01-03 00:00:00', 'Sun', 1, 2010),
('2010-01-04 00:00:00', 'Mon', 1, 2010),
('2010-01-05 00:00:00', 'Tue', 1, 2010),
('2010-01-06 00:00:00', 'Wed', 1, 2010),
('2010-01-07 00:00:00', 'Thu', 1, 2010),
('2010-01-08 00:00:00', 'Fri', 1, 2010),
('2010-01-09 00:00:00', 'Sat', 1, 2010),
('2010-01-10 00:00:00', 'Sun', 1, 2010),
('2010-01-11 00:00:00', 'Mon', 1, 2010),
('2010-01-12 00:00:00', 'Tue', 1, 2010),
('2010-01-13 00:00:00', 'Wed', 1, 2010),
('2010-01-14 00:00:00', 'Thu', 1, 2010),
('2010-01-15 00:00:00', 'Fri', 1, 2010),
('2010-01-16 00:00:00', 'Sat', 1, 2010),
('2010-01-17 00:00:00', 'Sun', 1, 2010),
('2010-01-18 00:00:00', 'Mon', 1, 2010),
('2010-01-19 00:00:00', 'Tue', 1, 2010),
('2010-01-20 00:00:00', 'Wed', 1, 2010),
('2010-01-21 00:00:00', 'Thu', 1, 2010),
('2010-01-22 00:00:00', 'Fri', 1, 2010),
('2010-01-23 00:00:00', 'Sat', 1, 2010),
('2010-01-24 00:00:00', 'Sun', 1, 2010),
('2010-01-25 00:00:00', 'Mon', 1, 2010),
('2010-01-26 00:00:00', 'Tue', 1, 2010),
('2010-01-27 00:00:00', 'Wed', 1, 2010),
('2010-01-28 00:00:00', 'Thu', 1, 2010),
('2010-01-29 00:00:00', 'Fri', 1, 2010),
('2010-01-30 00:00:00', 'Sat', 1, 2010),
('2010-01-31 00:00:00', 'Sun', 1, 2010),
('2010-02-01 00:00:00', 'Mon', 1, 2010),
('2010-02-02 00:00:00', 'Tue', 1, 2010),
('2010-02-03 00:00:00', 'Wed', 1, 2010),
('2010-02-04 00:00:00', 'Thu', 1, 2010),
('2010-02-05 00:00:00', 'Fri', 1, 2010),
('2010-02-06 00:00:00', 'Sat', 1, 2010),
('2010-02-07 00:00:00', 'Sun', 1, 2010),
('2010-02-08 00:00:00', 'Mon', 1, 2010),
('2010-02-09 00:00:00', 'Tue', 1, 2010),
('2010-02-10 00:00:00', 'Wed', 1, 2010),
('2010-02-11 00:00:00', 'Thu', 1, 2010),
('2010-02-12 00:00:00', 'Fri', 1, 2010),
('2010-02-13 00:00:00', 'Sat', 1, 2010),
('2010-02-14 00:00:00', 'Sun', 1, 2010),
('2010-02-15 00:00:00', 'Mon', 1, 2010),
('2010-02-16 00:00:00', 'Tue', 1, 2010),
('2010-02-17 00:00:00', 'Wed', 1, 2010),
('2010-02-18 00:00:00', 'Thu', 1, 2010),
('2010-02-19 00:00:00', 'Fri', 1, 2010),
('2010-02-20 00:00:00', 'Sat', 1, 2010),
('2010-02-21 00:00:00', 'Sun', 1, 2010),
('2010-02-22 00:00:00', 'Mon', 1, 2010),
('2010-02-23 00:00:00', 'Tue', 1, 2010),
('2010-02-24 00:00:00', 'Wed', 1, 2010),
('2010-02-25 00:00:00', 'Thu', 1, 2010),
('2010-02-26 00:00:00', 'Fri', 1, 2010),
('2010-02-27 00:00:00', 'Sat', 1, 2010),
('2010-02-28 00:00:00', 'Sun', 1, 2010),
('2010-03-01 00:00:00', 'Mon', 1, 2010),
('2010-03-02 00:00:00', 'Tue', 1, 2010),
('2010-03-03 00:00:00', 'Wed', 1, 2010),
('2010-03-04 00:00:00', 'Thu', 1, 2010),
('2010-03-05 00:00:00', 'Fri', 1, 2010),
('2010-03-06 00:00:00', 'Sat', 1, 2010),
('2010-03-07 00:00:00', 'Sun', 1, 2010),
('2010-03-08 00:00:00', 'Mon', 1, 2010),
('2010-03-09 00:00:00', 'Tue', 1, 2010),
('2010-03-10 00:00:00', 'Wed', 1, 2010),
('2010-03-11 00:00:00', 'Thu', 1, 2010),
('2010-03-12 00:00:00', 'Fri', 1, 2010),
('2010-03-13 00:00:00', 'Sat', 1, 2010),
('2010-03-14 00:00:00', 'Sun', 1, 2010),
('2010-03-15 00:00:00', 'Mon', 1, 2010),
('2010-03-16 00:00:00', 'Tue', 1, 2010),
('2010-03-17 00:00:00', 'Wed', 1, 2010),
('2010-03-18 00:00:00', 'Thu', 1, 2010),
('2010-03-19 00:00:00', 'Fri', 1, 2010),
('2010-03-20 00:00:00', 'Sat', 1, 2010),
('2010-03-21 00:00:00', 'Sun', 1, 2010),
('2010-03-22 00:00:00', 'Mon', 1, 2010),
('2010-03-23 00:00:00', 'Tue', 1, 2010),
('2010-03-24 00:00:00', 'Wed', 1, 2010),
('2010-03-25 00:00:00', 'Thu', 1, 2010),
('2010-03-26 00:00:00', 'Fri', 1, 2010),
('2010-03-27 00:00:00', 'Sat', 1, 2010),
('2010-03-28 00:00:00', 'Sun', 1, 2010),
('2010-03-29 00:00:00', 'Mon', 1, 2010),
('2010-03-30 00:00:00', 'Tue', 1, 2010),
('2010-03-31 00:00:00', 'Wed', 1, 2010),
('2010-04-01 00:00:00', 'Thu', 1, 2010),
('2010-04-02 00:00:00', 'Fri', 1, 2010),
('2010-04-03 00:00:00', 'Sat', 1, 2010),
('2010-04-04 00:00:00', 'Sun', 1, 2010),
('2010-04-05 00:00:00', 'Mon', 1, 2010),
('2010-04-06 00:00:00', 'Tue', 1, 2010),
('2010-04-07 00:00:00', 'Wed', 1, 2010),
('2010-04-08 00:00:00', 'Thu', 1, 2010),
('2010-04-09 00:00:00', 'Fri', 1, 2010),
('2010-04-10 00:00:00', 'Sat', 1, 2010),
('2010-04-11 00:00:00', 'Sun', 1, 2010),
('2010-04-12 00:00:00', 'Mon', 1, 2010),
('2010-04-13 00:00:00', 'Tue', 1, 2010),
('2010-04-14 00:00:00', 'Wed', 1, 2010),
('2010-04-15 00:00:00', 'Thu', 1, 2010),
('2010-04-16 00:00:00', 'Fri', 1, 2010),
('2010-04-17 00:00:00', 'Sat', 1, 2010),
('2010-04-18 00:00:00', 'Sun', 1, 2010),
('2010-04-19 00:00:00', 'Mon', 1, 2010),
('2010-04-20 00:00:00', 'Tue', 1, 2010),
('2010-04-21 00:00:00', 'Wed', 1, 2010),
('2010-04-22 00:00:00', 'Thu', 1, 2010),
('2010-04-23 00:00:00', 'Fri', 1, 2010),
('2010-04-24 00:00:00', 'Sat', 1, 2010),
('2010-04-25 00:00:00', 'Sun', 1, 2010),
('2010-04-26 00:00:00', 'Mon', 1, 2010),
('2010-04-27 00:00:00', 'Tue', 1, 2010),
('2010-04-28 00:00:00', 'Wed', 1, 2010),
('2010-04-29 00:00:00', 'Thu', 1, 2010),
('2010-04-30 00:00:00', 'Fri', 1, 2010),
('2010-07-01 00:00:00', 'Thu', 1, 2011),
('2010-07-02 00:00:00', 'Fri', 1, 2011),
('2010-07-03 00:00:00', 'Sat', 1, 2011),
('2010-07-04 00:00:00', 'Sun', 1, 2011),
('2010-07-05 00:00:00', 'Mon', 1, 2011),
('2010-07-06 00:00:00', 'Tue', 1, 2011),
('2010-07-07 00:00:00', 'Wed', 1, 2011),
('2010-07-08 00:00:00', 'Thu', 1, 2011),
('2010-07-09 00:00:00', 'Fri', 1, 2011),
('2010-07-10 00:00:00', 'Sat', 1, 2011),
('2010-07-11 00:00:00', 'Sun', 1, 2011),
('2010-07-12 00:00:00', 'Mon', 1, 2011),
('2010-07-13 00:00:00', 'Tue', 1, 2011),
('2010-07-14 00:00:00', 'Wed', 1, 2011),
('2010-07-15 00:00:00', 'Thu', 1, 2011),
('2010-07-16 00:00:00', 'Fri', 1, 2011),
('2010-07-17 00:00:00', 'Sat', 1, 2011),
('2010-07-18 00:00:00', 'Sun', 1, 2011),
('2010-07-19 00:00:00', 'Mon', 1, 2011),
('2010-07-20 00:00:00', 'Tue', 1, 2011),
('2010-07-21 00:00:00', 'Wed', 1, 2011),
('2010-07-22 00:00:00', 'Thu', 1, 2011),
('2010-07-23 00:00:00', 'Fri', 1, 2011),
('2010-07-24 00:00:00', 'Sat', 1, 2011),
('2010-07-25 00:00:00', 'Sun', 1, 2011),
('2010-07-26 00:00:00', 'Mon', 1, 2011),
('2010-07-27 00:00:00', 'Tue', 1, 2011),
('2010-07-28 00:00:00', 'Wed', 1, 2011),
('2010-08-01 00:00:00', 'Sun', 1, 2011),
('2010-08-02 00:00:00', 'Mon', 1, 2011),
('2010-08-03 00:00:00', 'Tue', 1, 2011),
('2010-08-04 00:00:00', 'Wed', 1, 2011),
('2010-08-05 00:00:00', 'Thu', 1, 2011),
('2010-08-06 00:00:00', 'Fri', 1, 2011),
('2010-08-07 00:00:00', 'Sat', 1, 2011),
('2010-08-08 00:00:00', 'Sun', 1, 2011),
('2010-08-09 00:00:00', 'Mon', 1, 2011),
('2010-08-10 00:00:00', 'Tue', 1, 2011),
('2010-08-11 00:00:00', 'Wed', 1, 2011),
('2010-08-12 00:00:00', 'Thu', 1, 2011),
('2010-08-13 00:00:00', 'Fri', 1, 2011),
('2010-08-14 00:00:00', 'Sat', 1, 2011),
('2010-08-15 00:00:00', 'Sun', 1, 2011),
('2010-08-16 00:00:00', 'Mon', 1, 2011),
('2010-08-17 00:00:00', 'Tue', 1, 2011),
('2010-08-18 00:00:00', 'Wed', 1, 2011),
('2010-08-19 00:00:00', 'Thu', 1, 2011),
('2010-08-20 00:00:00', 'Fri', 1, 2011),
('2010-08-21 00:00:00', 'Sat', 1, 2011),
('2010-08-22 00:00:00', 'Sun', 1, 2011),
('2010-08-23 00:00:00', 'Mon', 1, 2011),
('2010-08-24 00:00:00', 'Tue', 1, 2011),
('2010-08-25 00:00:00', 'Wed', 1, 2011),
('2010-08-26 00:00:00', 'Thu', 1, 2011),
('2010-08-27 00:00:00', 'Fri', 1, 2011),
('2010-08-28 00:00:00', 'Sat', 1, 2011),
('2010-08-29 00:00:00', 'Sun', 1, 2011),
('2010-08-30 00:00:00', 'Mon', 1, 2011),
('2010-08-31 00:00:00', 'Tue', 1, 2011),
('2010-09-01 00:00:00', 'Wed', 1, 2011),
('2010-09-02 00:00:00', 'Thu', 1, 2011),
('2010-09-03 00:00:00', 'Fri', 1, 2011),
('2010-09-04 00:00:00', 'Sat', 1, 2011),
('2010-09-05 00:00:00', 'Sun', 1, 2011),
('2010-09-06 00:00:00', 'Mon', 1, 2011),
('2010-09-07 00:00:00', 'Tue', 1, 2011),
('2010-09-08 00:00:00', 'Wed', 1, 2011),
('2010-09-09 00:00:00', 'Thu', 1, 2011),
('2010-09-10 00:00:00', 'Fri', 1, 2011),
('2010-09-11 00:00:00', 'Sat', 1, 2011),
('2010-09-12 00:00:00', 'Sun', 1, 2011),
('2010-09-13 00:00:00', 'Mon', 1, 2011),
('2010-09-14 00:00:00', 'Tue', 1, 2011),
('2010-09-15 00:00:00', 'Wed', 1, 2011),
('2010-09-16 00:00:00', 'Thu', 1, 2011),
('2010-09-17 00:00:00', 'Fri', 1, 2011),
('2010-09-18 00:00:00', 'Sat', 1, 2011),
('2010-09-19 00:00:00', 'Sun', 1, 2011),
('2010-09-20 00:00:00', 'Mon', 1, 2011),
('2010-09-21 00:00:00', 'Tue', 1, 2011),
('2010-09-22 00:00:00', 'Wed', 1, 2011),
('2010-09-23 00:00:00', 'Thu', 1, 2011),
('2010-09-24 00:00:00', 'Fri', 1, 2011),
('2010-09-25 00:00:00', 'Sat', 1, 2011),
('2010-09-26 00:00:00', 'Sun', 1, 2011),
('2010-09-27 00:00:00', 'Mon', 1, 2011),
('2010-09-28 00:00:00', 'Tue', 1, 2011),
('2010-09-29 00:00:00', 'Wed', 1, 2011),
('2010-09-30 00:00:00', 'Thu', 1, 2011),
('2010-10-01 00:00:00', 'Fri', 1, 2011),
('2010-10-02 00:00:00', 'Sat', 1, 2011),
('2010-10-03 00:00:00', 'Sun', 1, 2011),
('2010-10-04 00:00:00', 'Mon', 1, 2011),
('2010-10-05 00:00:00', 'Tue', 1, 2011),
('2010-10-06 00:00:00', 'Wed', 1, 2011),
('2010-10-07 00:00:00', 'Thu', 1, 2011),
('2010-10-08 00:00:00', 'Fri', 1, 2011),
('2010-10-09 00:00:00', 'Sat', 1, 2011),
('2010-10-10 00:00:00', 'Sun', 1, 2011),
('2010-10-11 00:00:00', 'Mon', 1, 2011),
('2010-10-12 00:00:00', 'Tue', 1, 2011),
('2010-10-13 00:00:00', 'Wed', 1, 2011),
('2010-10-14 00:00:00', 'Thu', 1, 2011),
('2010-10-15 00:00:00', 'Fri', 1, 2011),
('2010-10-16 00:00:00', 'Sat', 1, 2011),
('2010-10-17 00:00:00', 'Sun', 1, 2011),
('2010-10-18 00:00:00', 'Mon', 1, 2011),
('2010-10-19 00:00:00', 'Tue', 1, 2011),
('2010-10-20 00:00:00', 'Wed', 1, 2011),
('2010-10-21 00:00:00', 'Thu', 1, 2011),
('2010-10-22 00:00:00', 'Fri', 1, 2011),
('2010-10-23 00:00:00', 'Sat', 1, 2011),
('2010-10-24 00:00:00', 'Sun', 1, 2011),
('2010-10-25 00:00:00', 'Mon', 1, 2011),
('2010-10-26 00:00:00', 'Tue', 1, 2011),
('2010-10-27 00:00:00', 'Wed', 1, 2011),
('2010-10-28 00:00:00', 'Thu', 1, 2011),
('2010-10-29 00:00:00', 'Fri', 1, 2011),
('2010-10-30 00:00:00', 'Sat', 1, 2011),
('2010-10-31 00:00:00', 'Sun', 1, 2011),
('2010-11-01 00:00:00', 'Mon', 1, 2011),
('2010-11-02 00:00:00', 'Tue', 1, 2011),
('2010-11-03 00:00:00', 'Wed', 1, 2011),
('2010-11-04 00:00:00', 'Thu', 1, 2011),
('2010-11-05 00:00:00', 'Fri', 1, 2011),
('2010-11-06 00:00:00', 'Sat', 1, 2011),
('2010-11-07 00:00:00', 'Sun', 1, 2011),
('2010-11-08 00:00:00', 'Mon', 1, 2011),
('2010-11-09 00:00:00', 'Tue', 1, 2011),
('2010-11-10 00:00:00', 'Wed', 1, 2011),
('2010-11-11 00:00:00', 'Thu', 1, 2011),
('2010-11-12 00:00:00', 'Fri', 1, 2011),
('2010-11-13 00:00:00', 'Sat', 1, 2011),
('2010-11-14 00:00:00', 'Sun', 1, 2011),
('2010-11-15 00:00:00', 'Mon', 1, 2011),
('2010-11-16 00:00:00', 'Tue', 1, 2011),
('2010-11-17 00:00:00', 'Wed', 1, 2011),
('2010-11-18 00:00:00', 'Thu', 1, 2011),
('2010-11-19 00:00:00', 'Fri', 1, 2011),
('2010-11-20 00:00:00', 'Sat', 1, 2011),
('2010-11-21 00:00:00', 'Sun', 1, 2011),
('2010-11-22 00:00:00', 'Mon', 1, 2011),
('2010-11-23 00:00:00', 'Tue', 1, 2011),
('2010-11-24 00:00:00', 'Wed', 1, 2011),
('2010-11-25 00:00:00', 'Thu', 1, 2011),
('2010-11-26 00:00:00', 'Fri', 1, 2011),
('2010-11-27 00:00:00', 'Sat', 1, 2011),
('2010-11-28 00:00:00', 'Sun', 1, 2011),
('2010-11-29 00:00:00', 'Mon', 1, 2011),
('2010-11-30 00:00:00', 'Tue', 1, 2011),
('2010-12-01 00:00:00', 'Wed', 1, 2011),
('2010-12-02 00:00:00', 'Thu', 1, 2011),
('2010-12-03 00:00:00', 'Fri', 1, 2011),
('2010-12-04 00:00:00', 'Sat', 1, 2011),
('2010-12-05 00:00:00', 'Sun', 1, 2011),
('2010-12-06 00:00:00', 'Mon', 1, 2011),
('2010-12-07 00:00:00', 'Tue', 1, 2011),
('2010-12-08 00:00:00', 'Wed', 1, 2011),
('2010-12-09 00:00:00', 'Thu', 1, 2011),
('2010-12-10 00:00:00', 'Fri', 1, 2011),
('2010-12-11 00:00:00', 'Sat', 1, 2011),
('2010-12-12 00:00:00', 'Sun', 1, 2011),
('2010-12-13 00:00:00', 'Mon', 1, 2011),
('2010-12-14 00:00:00', 'Tue', 1, 2011),
('2010-12-15 00:00:00', 'Wed', 1, 2011),
('2010-12-16 00:00:00', 'Thu', 1, 2011),
('2010-12-17 00:00:00', 'Fri', 1, 2011),
('2010-12-18 00:00:00', 'Sat', 1, 2011),
('2010-12-19 00:00:00', 'Sun', 1, 2011),
('2010-12-20 00:00:00', 'Mon', 1, 2011),
('2010-12-21 00:00:00', 'Tue', 1, 2011),
('2010-12-22 00:00:00', 'Wed', 1, 2011),
('2010-12-23 00:00:00', 'Thu', 1, 2011),
('2010-12-24 00:00:00', 'Fri', 1, 2011),
('2010-12-25 00:00:00', 'Sat', 1, 2011),
('2010-12-26 00:00:00', 'Sun', 1, 2011),
('2010-12-27 00:00:00', 'Mon', 1, 2011),
('2010-12-28 00:00:00', 'Tue', 1, 2011),
('2010-12-29 00:00:00', 'Wed', 1, 2011),
('2010-12-30 00:00:00', 'Thu', 1, 2011),
('2010-12-31 00:00:00', 'Fri', 1, 2011),
('2011-01-01 00:00:00', 'Sat', 1, 2011),
('2011-01-02 00:00:00', 'Sun', 1, 2011),
('2011-01-03 00:00:00', 'Mon', 1, 2011),
('2011-01-04 00:00:00', 'Tue', 1, 2011),
('2011-01-05 00:00:00', 'Wed', 1, 2011),
('2011-01-06 00:00:00', 'Thu', 1, 2011),
('2011-01-07 00:00:00', 'Fri', 1, 2011),
('2011-01-08 00:00:00', 'Sat', 1, 2011),
('2011-01-09 00:00:00', 'Sun', 1, 2011),
('2011-01-10 00:00:00', 'Mon', 1, 2011),
('2011-01-11 00:00:00', 'Tue', 1, 2011),
('2011-01-12 00:00:00', 'Wed', 1, 2011),
('2011-01-13 00:00:00', 'Thu', 1, 2011),
('2011-01-14 00:00:00', 'Fri', 1, 2011),
('2011-01-15 00:00:00', 'Sat', 1, 2011),
('2011-01-16 00:00:00', 'Sun', 1, 2011),
('2011-01-17 00:00:00', 'Mon', 1, 2011),
('2011-01-18 00:00:00', 'Tue', 1, 2011),
('2011-01-19 00:00:00', 'Wed', 1, 2011),
('2011-01-20 00:00:00', 'Thu', 1, 2011),
('2011-01-21 00:00:00', 'Fri', 1, 2011),
('2011-01-22 00:00:00', 'Sat', 1, 2011),
('2011-01-23 00:00:00', 'Sun', 1, 2011),
('2011-01-24 00:00:00', 'Mon', 1, 2011),
('2011-01-25 00:00:00', 'Tue', 1, 2011),
('2011-01-26 00:00:00', 'Wed', 1, 2011),
('2011-01-27 00:00:00', 'Thu', 1, 2011),
('2011-01-28 00:00:00', 'Fri', 1, 2011),
('2011-01-29 00:00:00', 'Sat', 1, 2011),
('2011-01-30 00:00:00', 'Sun', 1, 2011),
('2011-01-31 00:00:00', 'Mon', 1, 2011),
('2011-02-01 00:00:00', 'Tue', 1, 2011),
('2011-02-02 00:00:00', 'Wed', 1, 2011),
('2011-02-03 00:00:00', 'Thu', 1, 2011),
('2011-02-04 00:00:00', 'Fri', 1, 2011),
('2011-02-05 00:00:00', 'Sat', 1, 2011),
('2011-02-06 00:00:00', 'Sun', 1, 2011),
('2011-02-07 00:00:00', 'Mon', 1, 2011),
('2011-02-08 00:00:00', 'Tue', 1, 2011),
('2011-02-09 00:00:00', 'Wed', 1, 2011),
('2011-02-10 00:00:00', 'Thu', 1, 2011),
('2011-02-11 00:00:00', 'Fri', 1, 2011),
('2011-02-12 00:00:00', 'Sat', 1, 2011),
('2011-02-13 00:00:00', 'Sun', 1, 2011),
('2011-02-14 00:00:00', 'Mon', 1, 2011),
('2011-02-15 00:00:00', 'Tue', 1, 2011),
('2011-02-16 00:00:00', 'Wed', 1, 2011),
('2011-02-17 00:00:00', 'Thu', 1, 2011),
('2011-02-18 00:00:00', 'Fri', 1, 2011),
('2011-02-19 00:00:00', 'Sat', 1, 2011),
('2011-02-20 00:00:00', 'Sun', 1, 2011),
('2011-02-21 00:00:00', 'Mon', 1, 2011),
('2011-02-22 00:00:00', 'Tue', 1, 2011),
('2011-02-23 00:00:00', 'Wed', 1, 2011),
('2011-02-24 00:00:00', 'Thu', 1, 2011),
('2011-02-25 00:00:00', 'Fri', 1, 2011),
('2011-02-26 00:00:00', 'Sat', 1, 2011),
('2011-02-27 00:00:00', 'Sun', 1, 2011),
('2011-02-28 00:00:00', 'Mon', 1, 2011),
('2011-03-01 00:00:00', 'Tue', 1, 2011),
('2011-03-02 00:00:00', 'Wed', 1, 2011),
('2011-03-03 00:00:00', 'Thu', 1, 2011),
('2011-03-04 00:00:00', 'Fri', 1, 2011),
('2011-03-05 00:00:00', 'Sat', 1, 2011),
('2011-03-06 00:00:00', 'Sun', 1, 2011),
('2011-03-07 00:00:00', 'Mon', 1, 2011),
('2011-03-08 00:00:00', 'Tue', 1, 2011),
('2011-03-09 00:00:00', 'Wed', 1, 2011),
('2011-03-10 00:00:00', 'Thu', 1, 2011),
('2011-03-11 00:00:00', 'Fri', 1, 2011),
('2011-03-12 00:00:00', 'Sat', 1, 2011),
('2011-03-13 00:00:00', 'Sun', 1, 2011),
('2011-03-14 00:00:00', 'Mon', 1, 2011),
('2011-03-15 00:00:00', 'Tue', 1, 2011),
('2011-03-16 00:00:00', 'Wed', 1, 2011),
('2011-03-17 00:00:00', 'Thu', 1, 2011),
('2011-03-18 00:00:00', 'Fri', 1, 2011),
('2011-03-19 00:00:00', 'Sat', 1, 2011),
('2011-03-20 00:00:00', 'Sun', 1, 2011),
('2011-03-21 00:00:00', 'Mon', 1, 2011),
('2011-03-22 00:00:00', 'Tue', 1, 2011),
('2011-03-23 00:00:00', 'Wed', 1, 2011),
('2011-03-24 00:00:00', 'Thu', 1, 2011),
('2011-03-25 00:00:00', 'Fri', 1, 2011),
('2011-03-26 00:00:00', 'Sat', 1, 2011),
('2011-03-27 00:00:00', 'Sun', 1, 2011),
('2011-03-28 00:00:00', 'Mon', 1, 2011),
('2011-03-29 00:00:00', 'Tue', 1, 2011),
('2011-03-30 00:00:00', 'Wed', 1, 2011),
('2011-03-31 00:00:00', 'Thu', 1, 2011),
('2011-04-01 00:00:00', 'Fri', 1, 2011),
('2011-04-02 00:00:00', 'Sat', 1, 2011),
('2011-04-03 00:00:00', 'Sun', 1, 2011),
('2011-04-04 00:00:00', 'Mon', 1, 2011),
('2011-04-05 00:00:00', 'Tue', 1, 2011),
('2011-04-06 00:00:00', 'Wed', 1, 2011),
('2011-04-07 00:00:00', 'Thu', 1, 2011),
('2011-04-08 00:00:00', 'Fri', 1, 2011),
('2011-04-09 00:00:00', 'Sat', 1, 2011),
('2011-04-10 00:00:00', 'Sun', 1, 2011),
('2011-04-11 00:00:00', 'Mon', 1, 2011),
('2011-04-12 00:00:00', 'Tue', 1, 2011),
('2011-04-13 00:00:00', 'Wed', 1, 2011),
('2011-04-14 00:00:00', 'Thu', 1, 2011),
('2011-04-15 00:00:00', 'Fri', 1, 2011),
('2011-04-16 00:00:00', 'Sat', 1, 2011),
('2011-04-17 00:00:00', 'Sun', 1, 2011),
('2011-04-18 00:00:00', 'Mon', 1, 2011),
('2011-04-19 00:00:00', 'Tue', 1, 2011),
('2011-04-20 00:00:00', 'Wed', 1, 2011),
('2011-04-21 00:00:00', 'Thu', 1, 2011),
('2011-04-22 00:00:00', 'Fri', 1, 2011),
('2011-04-23 00:00:00', 'Sat', 1, 2011),
('2011-04-24 00:00:00', 'Sun', 1, 2011),
('2011-04-25 00:00:00', 'Mon', 1, 2011),
('2011-04-26 00:00:00', 'Tue', 1, 2011),
('2011-04-27 00:00:00', 'Wed', 1, 2011),
('2011-04-28 00:00:00', 'Thu', 1, 2011),
('2011-04-29 00:00:00', 'Fri', 1, 2011),
('2011-04-30 00:00:00', 'Sat', 1, 2011),
('2011-05-01 00:00:00', 'Sun', 1, 2011),
('2011-05-02 00:00:00', 'Mon', 1, 2011),
('2011-05-03 00:00:00', 'Tue', 1, 2011),
('2011-05-04 00:00:00', 'Wed', 1, 2011),
('2011-05-05 00:00:00', 'Thu', 1, 2011),
('2011-05-06 00:00:00', 'Fri', 1, 2011),
('2011-05-07 00:00:00', 'Sat', 1, 2011),
('2011-05-08 00:00:00', 'Sun', 1, 2011),
('2011-05-09 00:00:00', 'Mon', 1, 2011),
('2011-05-10 00:00:00', 'Tue', 1, 2011),
('2011-05-11 00:00:00', 'Wed', 1, 2011),
('2011-05-12 00:00:00', 'Thu', 1, 2011),
('2011-05-13 00:00:00', 'Fri', 1, 2011),
('2011-05-14 00:00:00', 'Sat', 1, 2011),
('2011-05-15 00:00:00', 'Sun', 1, 2011),
('2011-05-16 00:00:00', 'Mon', 1, 2011),
('2011-05-17 00:00:00', 'Tue', 1, 2011),
('2011-05-18 00:00:00', 'Wed', 1, 2011),
('2011-05-19 00:00:00', 'Thu', 1, 2011),
('2011-05-20 00:00:00', 'Fri', 1, 2011),
('2011-05-21 00:00:00', 'Sat', 1, 2011),
('2011-05-22 00:00:00', 'Sun', 1, 2011),
('2011-05-23 00:00:00', 'Mon', 1, 2011),
('2011-05-24 00:00:00', 'Tue', 1, 2011),
('2011-05-25 00:00:00', 'Wed', 1, 2011),
('2011-05-26 00:00:00', 'Thu', 1, 2011),
('2011-05-27 00:00:00', 'Fri', 1, 2011),
('2011-05-28 00:00:00', 'Sat', 1, 2011),
('2011-05-29 00:00:00', 'Sun', 1, 2011),
('2011-05-30 00:00:00', 'Mon', 1, 2011),
('2011-05-31 00:00:00', 'Tue', 1, 2011),
('2011-06-01 00:00:00', 'Wed', 1, 2011),
('2011-06-02 00:00:00', 'Thu', 1, 2011),
('2011-06-03 00:00:00', 'Fri', 1, 2011),
('2011-06-04 00:00:00', 'Sat', 1, 2011),
('2011-06-05 00:00:00', 'Sun', 1, 2011),
('2011-06-06 00:00:00', 'Mon', 1, 2011),
('2011-06-07 00:00:00', 'Tue', 1, 2011),
('2011-06-08 00:00:00', 'Wed', 1, 2011),
('2011-06-09 00:00:00', 'Thu', 1, 2011),
('2011-06-10 00:00:00', 'Fri', 1, 2011),
('2011-06-11 00:00:00', 'Sat', 1, 2011),
('2011-06-12 00:00:00', 'Sun', 1, 2011),
('2011-06-13 00:00:00', 'Mon', 1, 2011),
('2011-06-14 00:00:00', 'Tue', 1, 2011),
('2011-06-15 00:00:00', 'Wed', 1, 2011),
('2011-06-16 00:00:00', 'Thu', 1, 2011),
('2011-06-17 00:00:00', 'Fri', 1, 2011),
('2011-06-18 00:00:00', 'Sat', 1, 2011),
('2011-06-19 00:00:00', 'Sun', 1, 2011),
('2011-06-20 00:00:00', 'Mon', 1, 2011),
('2011-06-21 00:00:00', 'Tue', 1, 2011),
('2011-06-22 00:00:00', 'Wed', 1, 2011),
('2011-06-23 00:00:00', 'Thu', 1, 2011),
('2011-06-24 00:00:00', 'Fri', 1, 2011),
('2011-06-25 00:00:00', 'Sat', 1, 2011),
('2011-06-26 00:00:00', 'Sun', 1, 2011),
('2011-06-27 00:00:00', 'Mon', 1, 2011),
('2011-06-28 00:00:00', 'Tue', 1, 2011),
('2011-06-29 00:00:00', 'Wed', 1, 2011),
('2011-06-30 00:00:00', 'Thu', 1, 2011),
('2011-07-01 00:00:00', 'Fri', 1, 2012),
('2011-07-02 00:00:00', 'Sat', 1, 2012),
('2011-07-03 00:00:00', 'Sun', 1, 2012),
('2011-07-04 00:00:00', 'Mon', 1, 2012),
('2011-07-05 00:00:00', 'Tue', 1, 2012),
('2011-07-06 00:00:00', 'Wed', 1, 2012),
('2011-07-07 00:00:00', 'Thu', 1, 2012),
('2011-07-08 00:00:00', 'Fri', 1, 2012),
('2011-07-09 00:00:00', 'Sat', 1, 2012),
('2011-07-10 00:00:00', 'Sun', 1, 2012),
('2011-07-11 00:00:00', 'Mon', 1, 2012),
('2011-07-12 00:00:00', 'Tue', 1, 2012),
('2011-07-13 00:00:00', 'Wed', 1, 2012),
('2011-07-14 00:00:00', 'Thu', 1, 2012),
('2011-07-15 00:00:00', 'Fri', 1, 2012),
('2011-07-16 00:00:00', 'Sat', 1, 2012),
('2011-07-17 00:00:00', 'Sun', 1, 2012),
('2011-07-18 00:00:00', 'Mon', 1, 2012),
('2011-07-19 00:00:00', 'Tue', 1, 2012),
('2011-07-20 00:00:00', 'Wed', 1, 2012),
('2011-07-21 00:00:00', 'Thu', 1, 2012),
('2011-07-22 00:00:00', 'Fri', 1, 2012),
('2011-07-23 00:00:00', 'Sat', 1, 2012),
('2011-07-24 00:00:00', 'Sun', 1, 2012),
('2011-07-25 00:00:00', 'Mon', 1, 2012),
('2011-07-26 00:00:00', 'Tue', 1, 2012),
('2011-07-27 00:00:00', 'Wed', 1, 2012),
('2011-07-28 00:00:00', 'Thu', 1, 2012),
('2011-07-29 00:00:00', 'Fri', 1, 2012),
('2011-07-30 00:00:00', 'Sat', 1, 2012),
('2011-07-31 00:00:00', 'Sun', 1, 2012),
('2011-08-01 00:00:00', 'Mon', 1, 2012),
('2011-08-02 00:00:00', 'Tue', 1, 2012),
('2011-08-03 00:00:00', 'Wed', 1, 2012),
('2011-08-04 00:00:00', 'Thu', 1, 2012),
('2011-08-05 00:00:00', 'Fri', 1, 2012),
('2011-08-06 00:00:00', 'Sat', 1, 2012),
('2011-08-07 00:00:00', 'Sun', 1, 2012),
('2011-08-08 00:00:00', 'Mon', 1, 2012),
('2011-08-09 00:00:00', 'Tue', 1, 2012),
('2011-08-10 00:00:00', 'Wed', 1, 2012),
('2011-08-11 00:00:00', 'Thu', 1, 2012),
('2011-08-12 00:00:00', 'Fri', 1, 2012),
('2011-08-13 00:00:00', 'Sat', 1, 2012),
('2011-08-14 00:00:00', 'Sun', 1, 2012),
('2011-08-15 00:00:00', 'Mon', 1, 2012),
('2011-08-16 00:00:00', 'Tue', 1, 2012),
('2011-08-17 00:00:00', 'Wed', 1, 2012),
('2011-08-18 00:00:00', 'Thu', 1, 2012),
('2011-08-19 00:00:00', 'Fri', 1, 2012),
('2011-08-20 00:00:00', 'Sat', 1, 2012),
('2011-08-21 00:00:00', 'Sun', 1, 2012),
('2011-08-22 00:00:00', 'Mon', 1, 2012),
('2011-08-23 00:00:00', 'Tue', 1, 2012),
('2011-08-24 00:00:00', 'Wed', 1, 2012),
('2011-08-25 00:00:00', 'Thu', 1, 2012),
('2011-08-26 00:00:00', 'Fri', 1, 2012),
('2011-08-27 00:00:00', 'Sat', 1, 2012),
('2011-08-28 00:00:00', 'Sun', 1, 2012),
('2011-08-29 00:00:00', 'Mon', 1, 2012),
('2011-08-30 00:00:00', 'Tue', 1, 2012),
('2011-08-31 00:00:00', 'Wed', 1, 2012),
('2011-09-01 00:00:00', 'Thu', 1, 2012),
('2011-09-02 00:00:00', 'Fri', 1, 2012),
('2011-09-03 00:00:00', 'Sat', 1, 2012),
('2011-09-04 00:00:00', 'Sun', 1, 2012),
('2011-09-05 00:00:00', 'Mon', 1, 2012),
('2011-09-06 00:00:00', 'Tue', 1, 2012),
('2011-09-07 00:00:00', 'Wed', 1, 2012),
('2011-09-08 00:00:00', 'Thu', 1, 2012),
('2011-09-09 00:00:00', 'Fri', 1, 2012),
('2011-09-10 00:00:00', 'Sat', 1, 2012);
INSERT INTO `DateObj` (`Date`, `Weekday`, `CalendarTypeID`, `FiscalYear`) VALUES
('2011-09-11 00:00:00', 'Sun', 1, 2012),
('2011-09-12 00:00:00', 'Mon', 1, 2012),
('2011-09-13 00:00:00', 'Tue', 1, 2012),
('2011-09-14 00:00:00', 'Wed', 1, 2012),
('2011-09-15 00:00:00', 'Thu', 1, 2012),
('2011-09-16 00:00:00', 'Fri', 1, 2012),
('2011-09-17 00:00:00', 'Sat', 1, 2012),
('2011-09-18 00:00:00', 'Sun', 1, 2012),
('2011-09-19 00:00:00', 'Mon', 1, 2012),
('2011-09-20 00:00:00', 'Tue', 1, 2012),
('2011-09-21 00:00:00', 'Wed', 1, 2012),
('2011-09-22 00:00:00', 'Thu', 1, 2012),
('2011-09-23 00:00:00', 'Fri', 1, 2012),
('2011-09-24 00:00:00', 'Sat', 1, 2012),
('2011-09-25 00:00:00', 'Sun', 1, 2012),
('2011-09-26 00:00:00', 'Mon', 1, 2012),
('2011-09-27 00:00:00', 'Tue', 1, 2012),
('2011-09-28 00:00:00', 'Wed', 1, 2012),
('2011-09-29 00:00:00', 'Thu', 1, 2012),
('2011-09-30 00:00:00', 'Fri', 1, 2012),
('2011-10-01 00:00:00', 'Sat', 1, 2012),
('2011-10-02 00:00:00', 'Sun', 1, 2012),
('2011-10-03 00:00:00', 'Mon', 1, 2012),
('2011-10-04 00:00:00', 'Tue', 1, 2012),
('2011-10-05 00:00:00', 'Wed', 1, 2012),
('2011-10-06 00:00:00', 'Thu', 1, 2012),
('2011-10-07 00:00:00', 'Fri', 1, 2012),
('2011-10-08 00:00:00', 'Sat', 1, 2012),
('2011-10-09 00:00:00', 'Sun', 1, 2012),
('2011-10-10 00:00:00', 'Mon', 1, 2012),
('2011-10-11 00:00:00', 'Tue', 1, 2012),
('2011-10-12 00:00:00', 'Wed', 1, 2012),
('2011-10-13 00:00:00', 'Thu', 1, 2012),
('2011-10-14 00:00:00', 'Fri', 1, 2012),
('2011-10-15 00:00:00', 'Sat', 1, 2012),
('2011-10-16 00:00:00', 'Sun', 1, 2012),
('2011-10-17 00:00:00', 'Mon', 1, 2012),
('2011-10-18 00:00:00', 'Tue', 1, 2012),
('2011-10-19 00:00:00', 'Wed', 1, 2012),
('2011-10-20 00:00:00', 'Thu', 1, 2012),
('2011-10-21 00:00:00', 'Fri', 1, 2012),
('2011-10-22 00:00:00', 'Sat', 1, 2012),
('2011-10-23 00:00:00', 'Sun', 1, 2012),
('2011-10-24 00:00:00', 'Mon', 1, 2012),
('2011-10-25 00:00:00', 'Tue', 1, 2012),
('2011-10-26 00:00:00', 'Wed', 1, 2012),
('2011-10-27 00:00:00', 'Thu', 1, 2012),
('2011-10-28 00:00:00', 'Fri', 1, 2012),
('2011-10-29 00:00:00', 'Sat', 1, 2012),
('2011-10-30 00:00:00', 'Sun', 1, 2012),
('2011-10-31 00:00:00', 'Mon', 1, 2012),
('2011-11-01 00:00:00', 'Tue', 1, 2012),
('2011-11-02 00:00:00', 'Wed', 1, 2012),
('2011-11-03 00:00:00', 'Thu', 1, 2012),
('2011-11-04 00:00:00', 'Fri', 1, 2012),
('2011-11-05 00:00:00', 'Sat', 1, 2012),
('2011-11-06 00:00:00', 'Sun', 1, 2012),
('2011-11-07 00:00:00', 'Mon', 1, 2012),
('2011-11-08 00:00:00', 'Tue', 1, 2012),
('2011-11-09 00:00:00', 'Wed', 1, 2012),
('2011-11-10 00:00:00', 'Thu', 1, 2012),
('2011-11-11 00:00:00', 'Fri', 1, 2012),
('2011-11-12 00:00:00', 'Sat', 1, 2012),
('2011-11-13 00:00:00', 'Sun', 1, 2012),
('2011-11-14 00:00:00', 'Mon', 1, 2012),
('2011-11-15 00:00:00', 'Tue', 1, 2012),
('2011-11-16 00:00:00', 'Wed', 1, 2012),
('2011-11-17 00:00:00', 'Thu', 1, 2012),
('2011-11-18 00:00:00', 'Fri', 1, 2012),
('2011-11-19 00:00:00', 'Sat', 1, 2012),
('2011-11-20 00:00:00', 'Sun', 1, 2012),
('2011-11-21 00:00:00', 'Mon', 1, 2012),
('2011-11-22 00:00:00', 'Tue', 1, 2012),
('2011-11-23 00:00:00', 'Wed', 1, 2012),
('2011-11-24 00:00:00', 'Thu', 1, 2012),
('2011-11-25 00:00:00', 'Fri', 1, 2012),
('2011-11-26 00:00:00', 'Sat', 1, 2012),
('2011-11-27 00:00:00', 'Sun', 1, 2012),
('2011-11-28 00:00:00', 'Mon', 1, 2012),
('2011-11-29 00:00:00', 'Tue', 1, 2012),
('2011-11-30 00:00:00', 'Wed', 1, 2012),
('2011-12-01 00:00:00', 'Thu', 1, 2012);

-- --------------------------------------------------------

--
-- Table structure for table `EnergyData`
--

CREATE TABLE IF NOT EXISTS `EnergyData` (
  `EnergyDataID` int(11) NOT NULL AUTO_INCREMENT,
  `Date` datetime DEFAULT NULL,
  `MeterID` int(11) DEFAULT NULL,
  `MeasuredValue` double DEFAULT NULL,
  `Unit` varchar(8) DEFAULT NULL,
  `BTUConversion` double DEFAULT NULL,
  `Cost` double DEFAULT NULL,
  PRIMARY KEY (`EnergyDataID`),
  KEY `MeterID` (`MeterID`),
  KEY `Date` (`Date`)
) ENGINE=InnoDB  DEFAULT CHARSET=latin1 AUTO_INCREMENT=2695 ;

--
-- Dumping data for table `EnergyData`
--

INSERT INTO `EnergyData` (`EnergyDataID`, `Date`, `MeterID`, `MeasuredValue`, `Unit`, `BTUConversion`, `Cost`) VALUES
(1, '2009-01-01 00:00:00', 1, 474, 'Klb.', 474000, NULL),
(2, '2009-01-02 00:00:00', 1, 682, 'Klb.', 682000, NULL),
(3, '2009-01-03 00:00:00', 1, 620, 'Klb.', 620000, NULL),
(4, '2009-01-04 00:00:00', 1, 732, 'Klb.', 732000, NULL),
(5, '2009-01-05 00:00:00', 1, 664, 'Klb.', 664000, NULL),
(6, '2009-01-06 00:00:00', 1, 624, 'Klb.', 624000, NULL),
(7, '2009-01-07 00:00:00', 1, 715, 'Klb.', 715000, NULL),
(8, '2009-01-08 00:00:00', 1, 750, 'Klb.', 750000, NULL),
(9, '2009-01-09 00:00:00', 1, 669, 'Klb.', 669000, NULL),
(10, '2009-01-10 00:00:00', 1, 663, 'Klb.', 663000, NULL),
(11, '2009-01-11 00:00:00', 1, 656, 'Klb.', 656000, NULL),
(12, '2009-01-12 00:00:00', 1, 710, 'Klb.', 710000, NULL),
(13, '2009-01-13 00:00:00', 1, 857, 'Klb.', 857000, NULL),
(14, '2009-01-14 00:00:00', 1, 894, 'Klb.', 894000, NULL),
(15, '2009-01-15 00:00:00', 1, 984, 'Klb.', 984000, NULL),
(16, '2009-01-16 00:00:00', 1, 946, 'Klb.', 946000, NULL),
(17, '2009-01-17 00:00:00', 1, 665, 'Klb.', 665000, NULL),
(18, '2009-01-18 00:00:00', 1, 616, 'Klb.', 616000, NULL),
(19, '2009-01-19 00:00:00', 1, 670, 'Klb.', 670000, NULL),
(20, '2009-01-20 00:00:00', 1, 651, 'Klb.', 651000, NULL),
(21, '2009-01-21 00:00:00', 1, 623, 'Klb.', 623000, NULL),
(22, '2009-01-22 00:00:00', 1, 624, 'Klb.', 624000, NULL),
(23, '2009-01-23 00:00:00', 1, 708, 'Klb.', 708000, NULL),
(24, '2009-01-24 00:00:00', 1, 830, 'Klb.', 830000, NULL),
(25, '2009-01-26 00:00:00', 1, 825, 'Klb.', 825000, NULL),
(26, '2009-01-27 00:00:00', 1, 772, 'Klb.', 772000, NULL),
(27, '2009-01-28 00:00:00', 1, 721, 'Klb.', 721000, NULL),
(28, '2009-01-29 00:00:00', 1, 669, 'Klb.', 669000, NULL),
(29, '2009-01-30 00:00:00', 1, 727, 'Klb.', 727000, NULL),
(30, '2009-01-31 00:00:00', 1, 495, 'Klb.', 495000, NULL),
(31, '2009-02-01 00:00:00', 1, 503, 'Klb.', 503000, NULL),
(32, '2009-02-02 00:00:00', 1, 707, 'Klb.', 707000, NULL),
(33, '2009-02-03 00:00:00', 1, 789, 'Klb.', 789000, NULL),
(34, '2009-02-04 00:00:00', 1, 768, 'Klb.', 768000, NULL),
(35, '2009-02-05 00:00:00', 1, 611, 'Klb.', 611000, NULL),
(36, '2009-02-06 00:00:00', 1, 519, 'Klb.', 519000, NULL),
(37, '2009-02-07 00:00:00', 1, 486, 'Klb.', 486000, NULL),
(38, '2009-02-08 00:00:00', 1, 501, 'Klb.', 501000, NULL),
(39, '2009-02-09 00:00:00', 1, 437, 'Klb.', 437000, NULL),
(40, '2009-02-10 00:00:00', 1, 422, 'Klb.', 422000, NULL),
(41, '2009-02-11 00:00:00', 1, 470, 'Klb.', 470000, NULL),
(42, '2009-02-12 00:00:00', 1, 511, 'Klb.', 511000, NULL),
(43, '2009-02-13 00:00:00', 1, 565, 'Klb.', 565000, NULL),
(44, '2009-02-14 00:00:00', 1, 587, 'Klb.', 587000, NULL),
(45, '2009-02-15 00:00:00', 1, 594, 'Klb.', 594000, NULL),
(46, '2009-02-16 00:00:00', 1, 535, 'Klb.', 535000, NULL),
(47, '2009-02-17 00:00:00', 1, 474, 'Klb.', 474000, NULL),
(48, '2009-02-18 00:00:00', 1, 543, 'Klb.', 543000, NULL),
(49, '2009-02-19 00:00:00', 1, 675, 'Klb.', 675000, NULL),
(50, '2009-02-20 00:00:00', 1, 603, 'Klb.', 603000, NULL),
(51, '2009-02-21 00:00:00', 1, 608, 'Klb.', 608000, NULL),
(52, '2009-02-22 00:00:00', 1, 667, 'Klb.', 667000, NULL),
(53, '2009-02-23 00:00:00', 1, 658, 'Klb.', 658000, NULL),
(54, '2009-02-24 00:00:00', 1, 521, 'Klb.', 521000, NULL),
(55, '2009-02-25 00:00:00', 1, 442, 'Klb.', 442000, NULL),
(56, '2009-02-26 00:00:00', 1, 539, 'Klb.', 539000, NULL),
(57, '2009-02-27 00:00:00', 1, 668, 'Klb.', 668000, NULL),
(58, '2009-02-28 00:00:00', 1, 646, 'Klb.', 646000, NULL),
(59, '2009-03-01 00:00:00', 1, 661, 'Klb.', 661000, NULL),
(60, '2009-03-02 00:00:00', 1, 630, 'Klb.', 630000, NULL),
(61, '2009-03-03 00:00:00', 1, 598, 'Klb.', 598000, NULL),
(62, '2009-03-04 00:00:00', 1, 485, 'Klb.', 485000, NULL),
(63, '2009-03-05 00:00:00', 1, 404, 'Klb.', 404000, NULL),
(64, '2009-03-06 00:00:00', 1, 413, 'Klb.', 413000, NULL),
(65, '2009-03-07 00:00:00', 1, 435, 'Klb.', 435000, NULL),
(66, '2009-03-08 00:00:00', 1, 429, 'Klb.', 429000, NULL),
(67, '2009-03-09 00:00:00', 1, 465, 'Klb.', 465000, NULL),
(68, '2009-03-10 00:00:00', 1, 482, 'Klb.', 482000, NULL),
(69, '2009-03-11 00:00:00', 1, 759, 'Klb.', 759000, NULL),
(70, '2009-03-12 00:00:00', 1, 701, 'Klb.', 701000, NULL),
(71, '2009-03-13 00:00:00', 1, 518, 'Klb.', 518000, NULL),
(72, '2009-03-14 00:00:00', 1, 415, 'Klb.', 415000, NULL),
(73, '2009-03-15 00:00:00', 1, 364, 'Klb.', 364000, NULL),
(74, '2009-03-16 00:00:00', 1, 310, 'Klb.', 310000, NULL),
(75, '2009-03-17 00:00:00', 1, 306, 'Klb.', 306000, NULL),
(76, '2009-03-18 00:00:00', 1, 338, 'Klb.', 338000, NULL),
(77, '2009-03-19 00:00:00', 1, 400, 'Klb.', 400000, NULL),
(78, '2009-03-20 00:00:00', 1, 369, 'Klb.', 369000, NULL),
(79, '2009-03-21 00:00:00', 1, 276, 'Klb.', 276000, NULL),
(80, '2009-03-22 00:00:00', 1, 266, 'Klb.', 266000, NULL),
(81, '2009-03-23 00:00:00', 1, 303, 'Klb.', 303000, NULL),
(82, '2009-03-24 00:00:00', 1, 282, 'Klb.', 282000, NULL),
(83, '2009-03-25 00:00:00', 1, 401, 'Klb.', 401000, NULL),
(84, '2009-03-26 00:00:00', 1, 471, 'Klb.', 471000, NULL),
(85, '2009-03-27 00:00:00', 1, 453, 'Klb.', 453000, NULL),
(86, '2009-03-28 00:00:00', 1, 445, 'Klb.', 445000, NULL),
(87, '2009-03-29 00:00:00', 1, 456, 'Klb.', 456000, NULL),
(88, '2009-03-30 00:00:00', 1, 449, 'Klb.', 449000, NULL),
(89, '2009-03-31 00:00:00', 1, 415, 'Klb.', 415000, NULL),
(90, '2009-04-01 00:00:00', 1, 473, 'Klb.', 473000, NULL),
(91, '2009-04-02 00:00:00', 1, 419, 'Klb.', 419000, NULL),
(92, '2009-04-03 00:00:00', 1, 429, 'Klb.', 429000, NULL),
(93, '2009-04-04 00:00:00', 1, 412, 'Klb.', 412000, NULL),
(94, '2009-04-05 00:00:00', 1, 419, 'Klb.', 419000, NULL),
(95, '2009-04-06 00:00:00', 1, 474, 'Klb.', 474000, NULL),
(96, '2009-04-07 00:00:00', 1, 435, 'Klb.', 435000, NULL),
(97, '2009-04-08 00:00:00', 1, 390, 'Klb.', 390000, NULL),
(98, '2009-04-09 00:00:00', 1, 389, 'Klb.', 389000, NULL),
(99, '2009-04-10 00:00:00', 1, 372, 'Klb.', 372000, NULL),
(100, '2009-04-11 00:00:00', 1, 335, 'Klb.', 335000, NULL),
(101, '2009-04-12 00:00:00', 1, 305, 'Klb.', 305000, NULL),
(102, '2009-04-13 00:00:00', 1, 321, 'Klb.', 321000, NULL),
(103, '2009-04-14 00:00:00', 1, 312, 'Klb.', 312000, NULL),
(104, '2009-04-15 00:00:00', 1, 300, 'Klb.', 300000, NULL),
(105, '2009-04-16 00:00:00', 1, 276, 'Klb.', 276000, NULL),
(106, '2009-04-17 00:00:00', 1, 233, 'Klb.', 233000, NULL),
(107, '2009-04-18 00:00:00', 1, 222, 'Klb.', 222000, NULL),
(108, '2009-04-19 00:00:00', 1, 316, 'Klb.', 316000, NULL),
(109, '2009-04-20 00:00:00', 1, 351, 'Klb.', 351000, NULL),
(110, '2009-04-21 00:00:00', 1, 319, 'Klb.', 319000, NULL),
(111, '2009-04-22 00:00:00', 1, 303, 'Klb.', 303000, NULL),
(112, '2009-04-23 00:00:00', 1, 251, 'Klb.', 251000, NULL),
(113, '2009-04-24 00:00:00', 1, 220, 'Klb.', 220000, NULL),
(114, '2009-04-25 00:00:00', 1, 290, 'Klb.', 290000, NULL),
(115, '2009-04-26 00:00:00', 1, 266, 'Klb.', 266000, NULL),
(116, '2009-04-27 00:00:00', 1, 343, 'Klb.', 343000, NULL),
(117, '2009-04-28 00:00:00', 1, 332, 'Klb.', 332000, NULL),
(118, '2009-04-29 00:00:00', 1, 284, 'Klb.', 284000, NULL),
(119, '2009-04-30 00:00:00', 1, 248, 'Klb.', 248000, NULL),
(120, '2009-05-01 00:00:00', 1, 296, 'Klb.', 296000, NULL),
(121, '2009-05-02 00:00:00', 1, 257, 'Klb.', 257000, NULL),
(122, '2009-05-03 00:00:00', 1, 241, 'Klb.', 241000, NULL),
(123, '2009-05-04 00:00:00', 1, 271, 'Klb.', 271000, NULL),
(124, '2009-05-05 00:00:00', 1, 227, 'Klb.', 227000, NULL),
(125, '2009-05-06 00:00:00', 1, 196, 'Klb.', 196000, NULL),
(126, '2009-05-07 00:00:00', 1, 206, 'Klb.', 206000, NULL),
(127, '2009-05-08 00:00:00', 1, 235, 'Klb.', 235000, NULL),
(128, '2009-05-09 00:00:00', 1, 259, 'Klb.', 259000, NULL),
(129, '2009-05-10 00:00:00', 1, 277, 'Klb.', 277000, NULL),
(130, '2009-05-11 00:00:00', 1, 249, 'Klb.', 249000, NULL),
(131, '2009-05-12 00:00:00', 1, 206, 'Klb.', 206000, NULL),
(132, '2009-05-13 00:00:00', 1, 199, 'Klb.', 199000, NULL),
(133, '2009-05-14 00:00:00', 1, 252, 'Klb.', 252000, NULL),
(134, '2009-05-15 00:00:00', 1, 208, 'Klb.', 208000, NULL),
(135, '2009-05-16 00:00:00', 1, 293, 'Klb.', 293000, NULL),
(136, '2009-05-17 00:00:00', 1, 250, 'Klb.', 250000, NULL),
(137, '2009-05-18 00:00:00', 1, 209, 'Klb.', 209000, NULL),
(138, '2009-05-19 00:00:00', 1, 178, 'Klb.', 178000, NULL),
(139, '2009-05-20 00:00:00', 1, 158, 'Klb.', 158000, NULL),
(140, '2009-05-21 00:00:00', 1, 160, 'Klb.', 160000, NULL),
(141, '2009-05-22 00:00:00', 1, 178, 'Klb.', 178000, NULL),
(142, '2009-05-23 00:00:00', 1, 168, 'Klb.', 168000, NULL),
(143, '2009-05-24 00:00:00', 1, 194, 'Klb.', 194000, NULL),
(144, '2009-05-25 00:00:00', 1, 182, 'Klb.', 182000, NULL),
(145, '2009-05-26 00:00:00', 1, 188, 'Klb.', 188000, NULL),
(146, '2009-05-27 00:00:00', 1, 222, 'Klb.', 222000, NULL),
(147, '2009-05-28 00:00:00', 1, 184, 'Klb.', 184000, NULL),
(148, '2009-05-29 00:00:00', 1, 205, 'Klb.', 205000, NULL),
(149, '2009-05-30 00:00:00', 1, 188, 'Klb.', 188000, NULL),
(150, '2009-05-31 00:00:00', 1, 213, 'Klb.', 213000, NULL),
(151, '2009-06-01 00:00:00', 1, 173, 'Klb.', 173000, NULL),
(152, '2009-06-02 00:00:00', 1, 178, 'Klb.', 178000, NULL),
(153, '2009-06-03 00:00:00', 1, 196, 'Klb.', 196000, NULL),
(154, '2009-06-04 00:00:00', 1, 189, 'Klb.', 189000, NULL),
(155, '2009-06-05 00:00:00', 1, 171, 'Klb.', 171000, NULL),
(156, '2009-06-06 00:00:00', 1, 210, 'Klb.', 210000, NULL),
(157, '2009-06-07 00:00:00', 1, 207, 'Klb.', 207000, NULL),
(158, '2009-06-08 00:00:00', 1, 199, 'Klb.', 199000, NULL),
(159, '2009-06-09 00:00:00', 1, 195, 'Klb.', 195000, NULL),
(160, '2009-06-10 00:00:00', 1, 168, 'Klb.', 168000, NULL),
(161, '2009-06-11 00:00:00', 1, 171, 'Klb.', 171000, NULL),
(162, '2009-06-12 00:00:00', 1, 165, 'Klb.', 165000, NULL),
(163, '2009-06-13 00:00:00', 1, 165, 'Klb.', 165000, NULL),
(164, '2009-06-14 00:00:00', 1, 136, 'Klb.', 136000, NULL),
(165, '2009-06-15 00:00:00', 1, 139, 'Klb.', 139000, NULL),
(166, '2009-06-16 00:00:00', 1, 141, 'Klb.', 141000, NULL),
(167, '2009-06-17 00:00:00', 1, 140, 'Klb.', 140000, NULL),
(168, '2009-06-18 00:00:00', 1, 138, 'Klb.', 138000, NULL),
(169, '2009-06-19 00:00:00', 1, 142, 'Klb.', 142000, NULL),
(170, '2009-06-20 00:00:00', 1, 135, 'Klb.', 135000, NULL),
(171, '2009-06-21 00:00:00', 1, 139, 'Klb.', 139000, NULL),
(172, '2009-06-22 00:00:00', 1, 122, 'Klb.', 122000, NULL),
(173, '2009-06-23 00:00:00', 1, 117, 'Klb.', 117000, NULL),
(174, '2009-06-24 00:00:00', 1, 104, 'Klb.', 104000, NULL),
(175, '2009-06-25 00:00:00', 1, 91, 'Klb.', 91000, NULL),
(176, '2009-06-26 00:00:00', 1, 86, 'Klb.', 86000, NULL),
(177, '2009-06-27 00:00:00', 1, 88, 'Klb.', 88000, NULL),
(178, '2009-06-28 00:00:00', 1, 95, 'Klb.', 95000, NULL),
(179, '2009-06-29 00:00:00', 1, 113, 'Klb.', 113000, NULL),
(180, '2009-06-30 00:00:00', 1, 112, 'Klb.', 112000, NULL),
(181, '2009-07-01 00:00:00', 1, 119, 'Klb.', 119000, NULL),
(182, '2009-07-02 00:00:00', 1, 117, 'Klb.', 117000, NULL),
(183, '2009-07-03 00:00:00', 1, 106, 'Klb.', 106000, NULL),
(184, '2009-07-04 00:00:00', 1, 90, 'Klb.', 90000, NULL),
(185, '2009-07-05 00:00:00', 1, 104, 'Klb.', 104000, NULL),
(186, '2009-07-06 00:00:00', 1, 100, 'Klb.', 100000, NULL),
(187, '2009-07-07 00:00:00', 1, 118, 'Klb.', 118000, NULL),
(188, '2009-07-08 00:00:00', 1, 123, 'Klb.', 123000, NULL),
(189, '2009-07-09 00:00:00', 1, 119, 'Klb.', 119000, NULL),
(190, '2009-07-10 00:00:00', 1, 116, 'Klb.', 116000, NULL),
(191, '2009-07-11 00:00:00', 1, 117, 'Klb.', 117000, NULL),
(192, '2009-07-12 00:00:00', 1, 120, 'Klb.', 120000, NULL),
(193, '2009-07-13 00:00:00', 1, 126, 'Klb.', 126000, NULL),
(194, '2009-07-14 00:00:00', 1, 122, 'Klb.', 122000, NULL),
(195, '2009-07-15 00:00:00', 1, 122, 'Klb.', 122000, NULL),
(196, '2009-07-16 00:00:00', 1, 130, 'Klb.', 130000, NULL),
(197, '2009-07-17 00:00:00', 1, 132, 'Klb.', 132000, NULL),
(198, '2009-07-18 00:00:00', 1, 128, 'Klb.', 128000, NULL),
(199, '2009-07-19 00:00:00', 1, 129, 'Klb.', 129000, NULL),
(200, '2009-07-20 00:00:00', 1, 126, 'Klb.', 126000, NULL),
(201, '2009-07-21 00:00:00', 1, 126, 'Klb.', 126000, NULL),
(202, '2009-07-22 00:00:00', 1, 130, 'Klb.', 130000, NULL),
(203, '2009-07-23 00:00:00', 1, 127, 'Klb.', 127000, NULL),
(204, '2009-07-24 00:00:00', 1, 122, 'Klb.', 122000, NULL),
(205, '2009-07-25 00:00:00', 1, 122, 'Klb.', 122000, NULL),
(206, '2009-07-26 00:00:00', 1, 118, 'Klb.', 118000, NULL),
(207, '2009-07-27 00:00:00', 1, 120, 'Klb.', 120000, NULL),
(208, '2009-07-28 00:00:00', 1, 122, 'Klb.', 122000, NULL),
(209, '2009-07-29 00:00:00', 1, 124, 'Klb.', 124000, NULL),
(210, '2009-07-30 00:00:00', 1, 122, 'Klb.', 122000, NULL),
(211, '2009-07-31 00:00:00', 1, 122, 'Klb.', 122000, NULL),
(212, '2009-08-01 00:00:00', 1, 120, 'Klb.', 120000, NULL),
(213, '2009-08-02 00:00:00', 1, 119, 'Klb.', 119000, NULL),
(214, '2009-08-03 00:00:00', 1, 119, 'Klb.', 119000, NULL),
(215, '2009-08-04 00:00:00', 1, 122, 'Klb.', 122000, NULL),
(216, '2009-08-05 00:00:00', 1, 139, 'Klb.', 139000, NULL),
(217, '2009-08-06 00:00:00', 1, 135, 'Klb.', 135000, NULL),
(218, '2009-08-07 00:00:00', 1, 138, 'Klb.', 138000, NULL),
(219, '2009-08-08 00:00:00', 1, 5, 'Klb.', 5000, NULL),
(220, '2009-08-09 00:00:00', 1, 0, 'Klb.', 0, NULL),
(221, '2009-08-10 00:00:00', 1, 0, 'Klb.', 0, NULL),
(222, '2009-08-11 00:00:00', 1, 0, 'Klb.', 0, NULL),
(223, '2009-08-12 00:00:00', 1, 87, 'Klb.', 87000, NULL),
(224, '2009-08-13 00:00:00', 1, 123, 'Klb.', 123000, NULL),
(225, '2009-08-14 00:00:00', 1, 117, 'Klb.', 117000, NULL),
(226, '2009-08-15 00:00:00', 1, 108, 'Klb.', 108000, NULL),
(227, '2009-08-16 00:00:00', 1, 108, 'Klb.', 108000, NULL),
(228, '2009-08-17 00:00:00', 1, 119, 'Klb.', 119000, NULL),
(229, '2009-08-18 00:00:00', 1, 121, 'Klb.', 121000, NULL),
(230, '2009-08-19 00:00:00', 1, 120, 'Klb.', 120000, NULL),
(231, '2009-08-20 00:00:00', 1, 118, 'Klb.', 118000, NULL),
(232, '2009-08-21 00:00:00', 1, 129, 'Klb.', 129000, NULL),
(233, '2009-08-22 00:00:00', 1, 127, 'Klb.', 127000, NULL),
(234, '2009-08-23 00:00:00', 1, 122, 'Klb.', 122000, NULL),
(235, '2009-08-24 00:00:00', 1, 115, 'Klb.', 115000, NULL),
(236, '2009-08-25 00:00:00', 1, 118, 'Klb.', 118000, NULL),
(237, '2009-08-26 00:00:00', 1, 120, 'Klb.', 120000, NULL),
(238, '2009-08-27 00:00:00', 1, 130, 'Klb.', 130000, NULL),
(239, '2009-08-28 00:00:00', 1, 131, 'Klb.', 131000, NULL),
(240, '2009-08-29 00:00:00', 1, 140, 'Klb.', 140000, NULL),
(241, '2009-08-30 00:00:00', 1, 148, 'Klb.', 148000, NULL),
(242, '2009-08-31 00:00:00', 1, 160, 'Klb.', 160000, NULL),
(243, '2009-09-01 00:00:00', 1, 146, 'Klb.', 146000, NULL),
(244, '2009-09-02 00:00:00', 1, 146, 'Klb.', 146000, NULL),
(245, '2009-09-03 00:00:00', 1, 148, 'Klb.', 148000, NULL),
(246, '2009-09-04 00:00:00', 1, 155, 'Klb.', 155000, NULL),
(247, '2009-09-05 00:00:00', 1, 140, 'Klb.', 140000, NULL),
(248, '2009-09-06 00:00:00', 1, 134, 'Klb.', 134000, NULL),
(249, '2009-09-07 00:00:00', 1, 137, 'Klb.', 137000, NULL),
(250, '2009-09-08 00:00:00', 1, 138, 'Klb.', 138000, NULL),
(251, '2009-09-09 00:00:00', 1, 138, 'Klb.', 138000, NULL),
(252, '2009-09-10 00:00:00', 1, 138, 'Klb.', 138000, NULL),
(253, '2009-09-11 00:00:00', 1, 139, 'Klb.', 139000, NULL),
(254, '2009-09-12 00:00:00', 1, 135, 'Klb.', 135000, NULL),
(255, '2009-09-13 00:00:00', 1, 136, 'Klb.', 136000, NULL),
(256, '2009-09-14 00:00:00', 1, 149, 'Klb.', 149000, NULL),
(257, '2009-09-15 00:00:00', 1, 156, 'Klb.', 156000, NULL),
(258, '2009-09-16 00:00:00', 1, 148, 'Klb.', 148000, NULL),
(259, '2009-09-17 00:00:00', 1, 144, 'Klb.', 144000, NULL),
(260, '2009-09-18 00:00:00', 1, 144, 'Klb.', 144000, NULL),
(261, '2009-09-19 00:00:00', 1, 140, 'Klb.', 140000, NULL),
(262, '2009-09-20 00:00:00', 1, 134, 'Klb.', 134000, NULL),
(263, '2009-09-21 00:00:00', 1, 151, 'Klb.', 151000, NULL),
(264, '2009-09-22 00:00:00', 1, 150, 'Klb.', 150000, NULL),
(265, '2009-09-23 00:00:00', 1, 152, 'Klb.', 152000, NULL),
(266, '2009-09-24 00:00:00', 1, 147, 'Klb.', 147000, NULL),
(267, '2009-09-25 00:00:00', 1, 154, 'Klb.', 154000, NULL),
(268, '2009-09-26 00:00:00', 1, 165, 'Klb.', 165000, NULL),
(269, '2009-09-27 00:00:00', 1, 165, 'Klb.', 165000, NULL),
(270, '2009-09-28 00:00:00', 1, 205, 'Klb.', 205000, NULL),
(271, '2009-09-29 00:00:00', 1, 259, 'Klb.', 259000, NULL),
(272, '2009-09-30 00:00:00', 1, 264, 'Klb.', 264000, NULL),
(273, '2009-10-01 00:00:00', 1, 265, 'Klb.', 265000, NULL),
(274, '2009-10-02 00:00:00', 1, 265, 'Klb.', 265000, NULL),
(275, '2009-10-03 00:00:00', 1, 269, 'Klb.', 269000, NULL),
(276, '2009-10-04 00:00:00', 1, 265, 'Klb.', 265000, NULL),
(277, '2009-10-05 00:00:00', 1, 286, 'Klb.', 286000, NULL),
(278, '2009-10-06 00:00:00', 1, 286, 'Klb.', 286000, NULL),
(279, '2009-10-07 00:00:00', 1, 226, 'Klb.', 226000, NULL),
(280, '2009-10-08 00:00:00', 1, 310, 'Klb.', 310000, NULL),
(281, '2009-10-09 00:00:00', 1, 333, 'Klb.', 333000, NULL),
(282, '2009-10-10 00:00:00', 1, 365, 'Klb.', 365000, NULL),
(283, '2009-10-11 00:00:00', 1, 361, 'Klb.', 361000, NULL),
(284, '2009-10-12 00:00:00', 1, 396, 'Klb.', 396000, NULL),
(285, '2009-10-13 00:00:00', 1, 393, 'Klb.', 393000, NULL),
(286, '2009-10-14 00:00:00', 1, 361, 'Klb.', 361000, NULL),
(287, '2009-10-15 00:00:00', 1, 352, 'Klb.', 352000, NULL),
(288, '2009-10-16 00:00:00', 1, 353, 'Klb.', 353000, NULL),
(289, '2009-10-17 00:00:00', 1, 318, 'Klb.', 318000, NULL),
(290, '2009-10-18 00:00:00', 1, 263, 'Klb.', 263000, NULL),
(291, '2009-10-19 00:00:00', 1, 260, 'Klb.', 260000, NULL),
(292, '2009-10-20 00:00:00', 1, 271, 'Klb.', 271000, NULL),
(293, '2009-10-21 00:00:00', 1, 287, 'Klb.', 287000, NULL),
(294, '2009-10-22 00:00:00', 1, 337, 'Klb.', 337000, NULL),
(295, '2009-10-23 00:00:00', 1, 359, 'Klb.', 359000, NULL),
(296, '2009-10-24 00:00:00', 1, 302, 'Klb.', 302000, NULL),
(297, '2009-10-25 00:00:00', 1, 293, 'Klb.', 293000, NULL),
(298, '2009-10-26 00:00:00', 1, 313, 'Klb.', 313000, NULL),
(299, '2009-10-27 00:00:00', 1, 313, 'Klb.', 313000, NULL),
(300, '2009-10-28 00:00:00', 1, 289, 'Klb.', 289000, NULL),
(301, '2009-10-29 00:00:00', 1, 254, 'Klb.', 254000, NULL),
(302, '2009-10-30 00:00:00', 1, 266, 'Klb.', 266000, NULL),
(303, '2009-10-31 00:00:00', 1, 334, 'Klb.', 334000, NULL),
(304, '2009-11-01 00:00:00', 1, 298, 'Klb.', 298000, NULL),
(305, '2009-11-02 00:00:00', 1, 323, 'Klb.', 323000, NULL),
(306, '2009-11-03 00:00:00', 1, 360, 'Klb.', 360000, NULL),
(307, '2009-11-04 00:00:00', 1, 353, 'Klb.', 353000, NULL),
(308, '2009-11-05 00:00:00', 1, 315, 'Klb.', 315000, NULL),
(309, '2009-11-06 00:00:00', 1, 231, 'Klb.', 231000, NULL),
(310, '2009-11-07 00:00:00', 1, 234, 'Klb.', 234000, NULL),
(311, '2009-11-08 00:00:00', 1, 232, 'Klb.', 232000, NULL),
(312, '2009-11-09 00:00:00', 1, 282, 'Klb.', 282000, NULL),
(313, '2009-11-10 00:00:00', 1, 294, 'Klb.', 294000, NULL),
(314, '2009-11-11 00:00:00', 1, 278, 'Klb.', 278000, NULL),
(315, '2009-11-12 00:00:00', 1, 265, 'Klb.', 265000, NULL),
(316, '2009-11-13 00:00:00', 1, 249, 'Klb.', 249000, NULL),
(317, '2009-11-14 00:00:00', 1, 291, 'Klb.', 291000, NULL),
(318, '2009-11-15 00:00:00', 1, 343, 'Klb.', 343000, NULL),
(319, '2009-11-16 00:00:00', 1, 371, 'Klb.', 371000, NULL),
(320, '2009-11-17 00:00:00', 1, 370, 'Klb.', 370000, NULL),
(321, '2009-11-18 00:00:00', 1, 345, 'Klb.', 345000, NULL),
(322, '2009-11-19 00:00:00', 1, 309, 'Klb.', 309000, NULL),
(323, '2009-11-20 00:00:00', 1, 309, 'Klb.', 309000, NULL),
(324, '2009-11-21 00:00:00', 1, 319, 'Klb.', 319000, NULL),
(325, '2009-11-22 00:00:00', 1, 238, 'Klb.', 238000, NULL),
(326, '2009-11-23 00:00:00', 1, 243, 'Klb.', 243000, NULL),
(327, '2009-11-24 00:00:00', 1, 246, 'Klb.', 246000, NULL),
(328, '2009-11-25 00:00:00', 1, 287, 'Klb.', 287000, NULL),
(329, '2009-11-26 00:00:00', 1, 299, 'Klb.', 299000, NULL),
(330, '2009-11-27 00:00:00', 1, 298, 'Klb.', 298000, NULL),
(331, '2009-11-28 00:00:00', 1, 289, 'Klb.', 289000, NULL),
(332, '2009-11-29 00:00:00', 1, 296, 'Klb.', 296000, NULL),
(333, '2009-11-30 00:00:00', 1, 318, 'Klb.', 318000, NULL),
(334, '2009-12-01 00:00:00', 1, 312, 'Klb.', 312000, NULL),
(335, '2009-12-02 00:00:00', 1, 344, 'Klb.', 344000, NULL),
(336, '2009-12-03 00:00:00', 1, 400, 'Klb.', 400000, NULL),
(337, '2009-12-04 00:00:00', 1, 449, 'Klb.', 449000, NULL),
(338, '2009-12-05 00:00:00', 1, 421, 'Klb.', 421000, NULL),
(339, '2009-12-06 00:00:00', 1, 417, 'Klb.', 417000, NULL),
(340, '2009-12-07 00:00:00', 1, 472, 'Klb.', 472000, NULL),
(341, '2009-12-08 00:00:00', 1, 392, 'Klb.', 392000, NULL),
(342, '2009-12-09 00:00:00', 1, 403, 'Klb.', 403000, NULL),
(343, '2009-12-10 00:00:00', 1, 473, 'Klb.', 473000, NULL),
(344, '2009-12-11 00:00:00', 1, 578, 'Klb.', 578000, NULL),
(345, '2009-12-12 00:00:00', 1, 455, 'Klb.', 455000, NULL),
(346, '2009-12-13 00:00:00', 1, 461, 'Klb.', 461000, NULL),
(347, '2009-12-14 00:00:00', 1, 546, 'Klb.', 546000, NULL),
(348, '2009-12-15 00:00:00', 1, 602, 'Klb.', 602000, NULL),
(349, '2009-12-16 00:00:00', 1, 569, 'Klb.', 569000, NULL),
(350, '2009-12-17 00:00:00', 1, 553, 'Klb.', 553000, NULL),
(351, '2009-12-18 00:00:00', 1, 516, 'Klb.', 516000, NULL),
(352, '2009-12-19 00:00:00', 1, 444, 'Klb.', 444000, NULL),
(353, '2009-12-20 00:00:00', 1, 435, 'Klb.', 435000, NULL),
(354, '2009-12-21 00:00:00', 1, 463, 'Klb.', 463000, NULL),
(355, '2009-12-22 00:00:00', 1, 434, 'Klb.', 434000, NULL),
(356, '2009-12-23 00:00:00', 1, 410, 'Klb.', 410000, NULL),
(357, '2009-12-24 00:00:00', 1, 349, 'Klb.', 349000, NULL),
(358, '2009-12-25 00:00:00', 1, 337, 'Klb.', 337000, NULL),
(359, '2009-12-26 00:00:00', 1, 431, 'Klb.', 431000, NULL),
(360, '2009-12-27 00:00:00', 1, 441, 'Klb.', 441000, NULL),
(361, '2009-12-28 00:00:00', 1, 466, 'Klb.', 466000, NULL),
(362, '2009-12-29 00:00:00', 1, 537, 'Klb.', 537000, NULL),
(363, '2009-12-30 00:00:00', 1, 487, 'Klb.', 487000, NULL),
(364, '2009-12-31 00:00:00', 1, 583, 'Klb.', 583000, NULL),
(365, '2010-01-01 00:00:00', 1, 566, 'Klb.', 566000, NULL),
(366, '2010-01-02 00:00:00', 1, 699, 'Klb.', 699000, NULL),
(367, '2010-01-03 00:00:00', 1, 745, 'Klb.', 745000, NULL),
(368, '2010-01-04 00:00:00', 1, 765, 'Klb.', 765000, NULL),
(369, '2010-01-05 00:00:00', 1, 700, 'Klb.', 700000, NULL),
(370, '2010-01-06 00:00:00', 1, 678, 'Klb.', 678000, NULL),
(371, '2010-01-07 00:00:00', 1, 655, 'Klb.', 655000, NULL),
(372, '2010-01-08 00:00:00', 1, 712, 'Klb.', 712000, NULL),
(373, '2010-01-09 00:00:00', 1, 737, 'Klb.', 737000, NULL),
(374, '2010-01-10 00:00:00', 1, 640, 'Klb.', 640000, NULL),
(375, '2010-01-11 00:00:00', 1, 607, 'Klb.', 607000, NULL),
(376, '2010-01-12 00:00:00', 1, 605, 'Klb.', 605000, NULL),
(377, '2010-01-13 00:00:00', 1, 524, 'Klb.', 524000, NULL),
(378, '2010-01-14 00:00:00', 1, 501, 'Klb.', 501000, NULL),
(379, '2010-01-15 00:00:00', 1, 479, 'Klb.', 479000, NULL),
(380, '2010-01-16 00:00:00', 1, 450, 'Klb.', 450000, NULL),
(381, '2010-01-17 00:00:00', 1, 440, 'Klb.', 440000, NULL),
(382, '2010-01-18 00:00:00', 1, 506, 'Klb.', 506000, NULL),
(383, '2010-01-19 00:00:00', 1, 544, 'Klb.', 544000, NULL),
(384, '2010-01-20 00:00:00', 1, 514, 'Klb.', 514000, NULL),
(385, '2010-01-21 00:00:00', 1, 444, 'Klb.', 444000, NULL),
(386, '2010-01-22 00:00:00', 1, 431, 'Klb.', 431000, NULL),
(387, '2010-01-23 00:00:00', 1, 391, 'Klb.', 391000, NULL),
(388, '2010-01-24 00:00:00', 1, 396, 'Klb.', 396000, NULL),
(389, '2010-01-25 00:00:00', 1, 502, 'Klb.', 502000, NULL),
(390, '2010-01-26 00:00:00', 1, 620, 'Klb.', 620000, NULL),
(391, '2010-01-27 00:00:00', 1, 661, 'Klb.', 661000, NULL),
(392, '2010-01-28 00:00:00', 1, 707, 'Klb.', 707000, NULL),
(393, '2010-01-29 00:00:00', 1, 701, 'Klb.', 701000, NULL),
(394, '2010-01-30 00:00:00', 1, 615, 'Klb.', 615000, NULL),
(395, '2010-01-31 00:00:00', 1, 638, 'Klb.', 638000, NULL),
(396, '2010-02-01 00:00:00', 1, 599, 'Klb.', 599000, NULL),
(397, '2010-02-02 00:00:00', 1, 601, 'Klb.', 601000, NULL),
(398, '2010-02-03 00:00:00', 1, 581, 'Klb.', 581000, NULL),
(399, '2010-02-04 00:00:00', 1, 490, 'Klb.', 490000, NULL),
(400, '2010-02-05 00:00:00', 1, 450, 'Klb.', 450000, NULL),
(401, '2010-02-06 00:00:00', 1, 473, 'Klb.', 473000, NULL),
(402, '2010-02-07 00:00:00', 1, 488, 'Klb.', 488000, NULL),
(403, '2010-02-08 00:00:00', 1, 506, 'Klb.', 506000, NULL),
(404, '2010-02-09 00:00:00', 1, 512, 'Klb.', 512000, NULL),
(405, '2010-02-10 00:00:00', 1, 591, 'Klb.', 591000, NULL),
(406, '2010-02-11 00:00:00', 1, 601, 'Klb.', 601000, NULL),
(407, '2010-02-12 00:00:00', 1, 567, 'Klb.', 567000, NULL),
(408, '2010-02-13 00:00:00', 1, 549, 'Klb.', 549000, NULL),
(409, '2010-02-14 00:00:00', 1, 565, 'Klb.', 565000, NULL),
(410, '2010-02-15 00:00:00', 1, 500, 'Klb.', 500000, NULL),
(411, '2010-02-16 00:00:00', 1, 479, 'Klb.', 479000, NULL),
(412, '2010-02-17 00:00:00', 1, 500, 'Klb.', 500000, NULL),
(413, '2010-02-18 00:00:00', 1, 541, 'Klb.', 541000, NULL),
(414, '2010-02-19 00:00:00', 1, 532, 'Klb.', 532000, NULL),
(415, '2010-02-20 00:00:00', 1, 461, 'Klb.', 461000, NULL),
(416, '2010-02-21 00:00:00', 1, 477, 'Klb.', 477000, NULL),
(417, '2010-02-22 00:00:00', 1, 490, 'Klb.', 490000, NULL),
(418, '2010-02-23 00:00:00', 1, 558, 'Klb.', 558000, NULL),
(419, '2010-02-24 00:00:00', 1, 619, 'Klb.', 619000, NULL),
(420, '2010-02-25 00:00:00', 1, 647, 'Klb.', 647000, NULL),
(421, '2010-02-26 00:00:00', 1, 565, 'Klb.', 565000, NULL),
(422, '2010-02-27 00:00:00', 1, 526, 'Klb.', 526000, NULL),
(423, '2010-02-28 00:00:00', 1, 470, 'Klb.', 470000, NULL),
(424, '2010-03-01 00:00:00', 1, 464, 'Klb.', 464000, NULL),
(425, '2010-03-02 00:00:00', 1, 452, 'Klb.', 452000, NULL),
(426, '2010-03-03 00:00:00', 1, 445, 'Klb.', 445000, NULL),
(427, '2010-03-04 00:00:00', 1, 424, 'Klb.', 424000, NULL),
(428, '2010-03-05 00:00:00', 1, 411, 'Klb.', 411000, NULL),
(429, '2010-03-06 00:00:00', 1, 368, 'Klb.', 368000, NULL),
(430, '2010-03-07 00:00:00', 1, 375, 'Klb.', 375000, NULL),
(431, '2010-03-08 00:00:00', 1, 379, 'Klb.', 379000, NULL),
(432, '2010-03-09 00:00:00', 1, 370, 'Klb.', 370000, NULL),
(433, '2010-03-10 00:00:00', 1, 363, 'Klb.', 363000, NULL),
(434, '2010-03-11 00:00:00', 1, 358, 'Klb.', 358000, NULL),
(435, '2010-03-12 00:00:00', 1, 346, 'Klb.', 346000, NULL),
(436, '2010-03-13 00:00:00', 1, 344, 'Klb.', 344000, NULL),
(437, '2010-03-14 00:00:00', 1, 270, 'Klb.', 270000, NULL),
(438, '2010-03-15 00:00:00', 1, 299, 'Klb.', 299000, NULL),
(439, '2010-03-16 00:00:00', 1, 294, 'Klb.', 294000, NULL),
(440, '2010-03-17 00:00:00', 1, 268, 'Klb.', 268000, NULL),
(441, '2010-03-18 00:00:00', 1, 229, 'Klb.', 229000, NULL),
(442, '2010-03-19 00:00:00', 1, 312, 'Klb.', 312000, NULL),
(443, '2010-03-20 00:00:00', 1, 334, 'Klb.', 334000, NULL),
(444, '2010-03-21 00:00:00', 1, 317, 'Klb.', 317000, NULL),
(445, '2010-03-22 00:00:00', 1, 292, 'Klb.', 292000, NULL),
(446, '2010-03-23 00:00:00', 1, 267, 'Klb.', 267000, NULL),
(447, '2010-03-24 00:00:00', 1, 279, 'Klb.', 279000, NULL),
(448, '2010-03-25 00:00:00', 1, 343, 'Klb.', 343000, NULL),
(449, '2010-03-26 00:00:00', 1, 314, 'Klb.', 314000, NULL),
(450, '2010-03-27 00:00:00', 1, 285, 'Klb.', 285000, NULL),
(451, '2010-03-28 00:00:00', 1, 307, 'Klb.', 307000, NULL),
(452, '2010-03-29 00:00:00', 1, 305, 'Klb.', 305000, NULL),
(453, '2010-03-30 00:00:00', 1, 216, 'Klb.', 216000, NULL),
(454, '2010-03-31 00:00:00', 1, 207, 'Klb.', 207000, NULL),
(455, '2010-04-01 00:00:00', 1, 210, 'Klb.', 210000, NULL),
(456, '2010-04-02 00:00:00', 1, 200, 'Klb.', 200000, NULL),
(457, '2010-04-03 00:00:00', 1, 249, 'Klb.', 249000, NULL),
(458, '2010-04-04 00:00:00', 1, 209, 'Klb.', 209000, NULL),
(459, '2010-04-05 00:00:00', 1, 246, 'Klb.', 246000, NULL),
(460, '2010-04-06 00:00:00', 1, 280, 'Klb.', 280000, NULL),
(461, '2010-04-07 00:00:00', 1, 300, 'Klb.', 300000, NULL),
(462, '2010-04-08 00:00:00', 1, 331, 'Klb.', 331000, NULL),
(463, '2010-04-09 00:00:00', 1, 284, 'Klb.', 284000, NULL),
(464, '2010-04-10 00:00:00', 1, 244, 'Klb.', 244000, NULL),
(465, '2010-04-11 00:00:00', 1, 239, 'Klb.', 239000, NULL),
(466, '2010-04-12 00:00:00', 1, 227, 'Klb.', 227000, NULL),
(467, '2010-04-13 00:00:00', 1, 209, 'Klb.', 209000, NULL),
(468, '2010-04-14 00:00:00', 1, 192, 'Klb.', 192000, NULL),
(469, '2010-04-15 00:00:00', 1, 182, 'Klb.', 182000, NULL),
(470, '2010-04-16 00:00:00', 1, 241, 'Klb.', 241000, NULL),
(471, '2010-04-17 00:00:00', 1, 232, 'Klb.', 232000, NULL),
(472, '2010-04-18 00:00:00', 1, 227, 'Klb.', 227000, NULL),
(473, '2010-04-19 00:00:00', 1, 228, 'Klb.', 228000, NULL),
(474, '2010-04-20 00:00:00', 1, 224, 'Klb.', 224000, NULL),
(475, '2010-04-21 00:00:00', 1, 240, 'Klb.', 240000, NULL),
(476, '2010-04-22 00:00:00', 1, 251, 'Klb.', 251000, NULL),
(477, '2010-04-23 00:00:00', 1, 211, 'Klb.', 211000, NULL),
(478, '2010-04-24 00:00:00', 1, 202, 'Klb.', 202000, NULL),
(479, '2010-04-25 00:00:00', 1, 206, 'Klb.', 206000, NULL),
(480, '2010-04-26 00:00:00', 1, 230, 'Klb.', 230000, NULL),
(481, '2010-04-27 00:00:00', 1, 256, 'Klb.', 256000, NULL),
(482, '2010-04-28 00:00:00', 1, 225, 'Klb.', 225000, NULL),
(483, '2010-04-29 00:00:00', 1, 165, 'Klb.', 165000, NULL),
(484, '2010-04-30 00:00:00', 1, 165, 'Klb.', 165000, NULL),
(485, '2010-07-01 00:00:00', 1, 125, 'Klb.', 125000, NULL),
(486, '2010-07-02 00:00:00', 1, 119, 'Klb.', 119000, NULL),
(487, '2010-07-03 00:00:00', 1, 118, 'Klb.', 118000, NULL),
(488, '2010-07-04 00:00:00', 1, 116, 'Klb.', 116000, NULL),
(489, '2010-07-05 00:00:00', 1, 115, 'Klb.', 115000, NULL),
(490, '2010-07-06 00:00:00', 1, 118, 'Klb.', 118000, NULL),
(491, '2010-07-07 00:00:00', 1, 121, 'Klb.', 121000, NULL),
(492, '2010-07-08 00:00:00', 1, 119, 'Klb.', 119000, NULL),
(493, '2010-07-09 00:00:00', 1, 121, 'Klb.', 121000, NULL),
(494, '2010-07-10 00:00:00', 1, 120, 'Klb.', 120000, NULL),
(495, '2010-07-11 00:00:00', 1, 121, 'Klb.', 121000, NULL),
(496, '2010-07-12 00:00:00', 1, 125, 'Klb.', 125000, NULL),
(497, '2010-07-13 00:00:00', 1, 126, 'Klb.', 126000, NULL),
(498, '2010-07-14 00:00:00', 1, 123, 'Klb.', 123000, NULL),
(499, '2010-07-15 00:00:00', 1, 124, 'Klb.', 124000, NULL),
(500, '2010-07-16 00:00:00', 1, 126, 'Klb.', 126000, NULL),
(501, '2010-07-17 00:00:00', 1, 122, 'Klb.', 122000, NULL),
(502, '2010-07-18 00:00:00', 1, 124, 'Klb.', 124000, NULL),
(503, '2010-07-19 00:00:00', 1, 130, 'Klb.', 130000, NULL),
(504, '2010-07-20 00:00:00', 1, 126, 'Klb.', 126000, NULL),
(505, '2010-07-21 00:00:00', 1, 125, 'Klb.', 125000, NULL),
(506, '2010-07-22 00:00:00', 1, 120, 'Klb.', 120000, NULL),
(507, '2010-07-23 00:00:00', 1, 124, 'Klb.', 124000, NULL),
(508, '2010-07-24 00:00:00', 1, 122, 'Klb.', 122000, NULL),
(509, '2010-07-25 00:00:00', 1, 121, 'Klb.', 121000, NULL),
(510, '2010-07-26 00:00:00', 1, 124, 'Klb.', 124000, NULL),
(511, '2010-07-27 00:00:00', 1, 121, 'Klb.', 121000, NULL),
(512, '2010-07-28 00:00:00', 1, 124, 'Klb.', 124000, NULL),
(513, '2010-08-01 00:00:00', 1, 118, 'Klb.', 118000, NULL),
(514, '2010-08-02 00:00:00', 1, 121, 'Klb.', 121000, NULL),
(515, '2010-08-03 00:00:00', 1, 122, 'Klb.', 122000, NULL),
(516, '2010-08-04 00:00:00', 1, 123, 'Klb.', 123000, NULL),
(517, '2010-08-05 00:00:00', 1, 129, 'Klb.', 129000, NULL),
(518, '2010-08-06 00:00:00', 1, 127, 'Klb.', 127000, NULL),
(519, '2010-08-07 00:00:00', 1, 120, 'Klb.', 120000, NULL),
(520, '2010-08-08 00:00:00', 1, 6, 'Klb.', 6000, NULL),
(521, '2010-08-09 00:00:00', 1, 0, 'Klb.', 0, NULL),
(522, '2010-08-10 00:00:00', 1, 0, 'Klb.', 0, NULL),
(523, '2010-08-11 00:00:00', 1, 20, 'Klb.', 20000, NULL),
(524, '2010-08-12 00:00:00', 1, 139, 'Klb.', 139000, NULL),
(525, '2010-08-13 00:00:00', 1, 116, 'Klb.', 116000, NULL),
(526, '2010-08-14 00:00:00', 1, 111, 'Klb.', 111000, NULL),
(527, '2010-08-15 00:00:00', 1, 111, 'Klb.', 111000, NULL),
(528, '2010-08-16 00:00:00', 1, 121, 'Klb.', 121000, NULL),
(529, '2010-08-17 00:00:00', 1, 132, 'Klb.', 132000, NULL),
(530, '2010-08-18 00:00:00', 1, 139, 'Klb.', 139000, NULL),
(531, '2010-08-19 00:00:00', 1, 135, 'Klb.', 135000, NULL),
(532, '2010-08-20 00:00:00', 1, 135, 'Klb.', 135000, NULL),
(533, '2010-08-21 00:00:00', 1, 129, 'Klb.', 129000, NULL),
(534, '2010-08-22 00:00:00', 1, 120, 'Klb.', 120000, NULL),
(535, '2010-08-23 00:00:00', 1, 125, 'Klb.', 125000, NULL),
(536, '2010-08-24 00:00:00', 1, 125, 'Klb.', 125000, NULL),
(537, '2010-08-25 00:00:00', 1, 138, 'Klb.', 138000, NULL),
(538, '2010-08-26 00:00:00', 1, 145, 'Klb.', 145000, NULL),
(539, '2010-08-27 00:00:00', 1, 128, 'Klb.', 128000, NULL),
(540, '2010-08-28 00:00:00', 1, 125, 'Klb.', 125000, NULL),
(541, '2010-08-29 00:00:00', 1, 121, 'Klb.', 121000, NULL),
(542, '2010-08-30 00:00:00', 1, 126, 'Klb.', 126000, NULL),
(543, '2010-08-31 00:00:00', 1, 124, 'Klb.', 124000, NULL),
(544, '2010-09-01 00:00:00', 1, 127, 'Klb.', 127000, NULL),
(545, '2010-09-02 00:00:00', 1, 131, 'Klb.', 131000, NULL),
(546, '2010-09-03 00:00:00', 1, 140, 'Klb.', 140000, NULL),
(547, '2010-09-04 00:00:00', 1, 150, 'Klb.', 150000, NULL),
(548, '2010-09-05 00:00:00', 1, 141, 'Klb.', 141000, NULL),
(549, '2010-09-06 00:00:00', 1, 126, 'Klb.', 126000, NULL),
(550, '2010-09-07 00:00:00', 1, 145, 'Klb.', 145000, NULL),
(551, '2010-09-08 00:00:00', 1, 180, 'Klb.', 180000, NULL),
(552, '2010-09-09 00:00:00', 1, 172, 'Klb.', 172000, NULL),
(553, '2010-09-10 00:00:00', 1, 154, 'Klb.', 154000, NULL),
(554, '2010-09-11 00:00:00', 1, 152, 'Klb.', 152000, NULL),
(555, '2010-09-12 00:00:00', 1, 153, 'Klb.', 153000, NULL),
(556, '2010-09-13 00:00:00', 1, 172, 'Klb.', 172000, NULL),
(557, '2010-09-14 00:00:00', 1, 190, 'Klb.', 190000, NULL),
(558, '2010-09-15 00:00:00', 1, 154, 'Klb.', 154000, NULL),
(559, '2010-09-16 00:00:00', 1, 201, 'Klb.', 201000, NULL),
(560, '2010-09-17 00:00:00', 1, 169, 'Klb.', 169000, NULL),
(561, '2010-09-18 00:00:00', 1, 208, 'Klb.', 208000, NULL),
(562, '2010-09-19 00:00:00', 1, 179, 'Klb.', 179000, NULL),
(563, '2010-09-20 00:00:00', 1, 167, 'Klb.', 167000, NULL),
(564, '2010-09-21 00:00:00', 1, 158, 'Klb.', 158000, NULL),
(565, '2010-09-22 00:00:00', 1, 182, 'Klb.', 182000, NULL),
(566, '2010-09-23 00:00:00', 1, 161, 'Klb.', 161000, NULL),
(567, '2010-09-24 00:00:00', 1, 199, 'Klb.', 199000, NULL),
(568, '2010-09-25 00:00:00', 1, 187, 'Klb.', 187000, NULL),
(569, '2010-09-26 00:00:00', 1, 206, 'Klb.', 206000, NULL),
(570, '2010-09-27 00:00:00', 1, 185, 'Klb.', 185000, NULL),
(571, '2010-09-28 00:00:00', 1, 165, 'Klb.', 165000, NULL),
(572, '2010-09-29 00:00:00', 1, 172, 'Klb.', 172000, NULL),
(573, '2010-09-30 00:00:00', 1, 173, 'Klb.', 173000, NULL),
(574, '2010-10-01 00:00:00', 1, 191, 'Klb.', 191000, NULL),
(575, '2010-10-02 00:00:00', 1, 234, 'Klb.', 234000, NULL),
(576, '2010-10-03 00:00:00', 1, 230, 'Klb.', 230000, NULL),
(577, '2010-10-04 00:00:00', 1, 218, 'Klb.', 218000, NULL),
(578, '2010-10-05 00:00:00', 1, 203, 'Klb.', 203000, NULL),
(579, '2010-10-06 00:00:00', 1, 175, 'Klb.', 175000, NULL),
(580, '2010-10-07 00:00:00', 1, 204, 'Klb.', 204000, NULL),
(581, '2010-10-08 00:00:00', 1, 197, 'Klb.', 197000, NULL),
(582, '2010-10-09 00:00:00', 1, 161, 'Klb.', 161000, NULL),
(583, '2010-10-10 00:00:00', 1, 167, 'Klb.', 167000, NULL),
(584, '2010-10-11 00:00:00', 1, 146, 'Klb.', 146000, NULL),
(585, '2010-10-12 00:00:00', 1, 209, 'Klb.', 209000, NULL),
(586, '2010-10-13 00:00:00', 1, 196, 'Klb.', 196000, NULL),
(587, '2010-10-14 00:00:00', 1, 216, 'Klb.', 216000, NULL),
(588, '2010-10-15 00:00:00', 1, 232, 'Klb.', 232000, NULL),
(589, '2010-10-16 00:00:00', 1, 195, 'Klb.', 195000, NULL),
(590, '2010-10-17 00:00:00', 1, 240, 'Klb.', 240000, NULL),
(591, '2010-10-18 00:00:00', 1, 255, 'Klb.', 255000, NULL),
(592, '2010-10-19 00:00:00', 1, 245, 'Klb.', 245000, NULL),
(593, '2010-10-20 00:00:00', 1, 223, 'Klb.', 223000, NULL),
(594, '2010-10-21 00:00:00', 1, 262, 'Klb.', 262000, NULL),
(595, '2010-10-22 00:00:00', 1, 228, 'Klb.', 228000, NULL),
(596, '2010-10-23 00:00:00', 1, 172, 'Klb.', 172000, NULL),
(597, '2010-10-24 00:00:00', 1, 168, 'Klb.', 168000, NULL),
(598, '2010-10-25 00:00:00', 1, 180, 'Klb.', 180000, NULL),
(599, '2010-10-26 00:00:00', 1, 249, 'Klb.', 249000, NULL),
(600, '2010-10-27 00:00:00', 1, 335, 'Klb.', 335000, NULL),
(601, '2010-10-28 00:00:00', 1, 365, 'Klb.', 365000, NULL),
(602, '2010-10-29 00:00:00', 1, 347, 'Klb.', 347000, NULL),
(603, '2010-10-30 00:00:00', 1, 298, 'Klb.', 298000, NULL),
(604, '2010-10-31 00:00:00', 1, 347, 'Klb.', 347000, NULL),
(605, '2010-11-01 00:00:00', 1, 349, 'Klb.', 349000, NULL),
(606, '2010-11-02 00:00:00', 1, 309, 'Klb.', 309000, NULL),
(607, '2010-11-03 00:00:00', 1, 283, 'Klb.', 283000, NULL),
(608, '2010-11-04 00:00:00', 1, 346, 'Klb.', 346000, NULL),
(609, '2010-11-05 00:00:00', 1, 351, 'Klb.', 351000, NULL),
(610, '2010-11-06 00:00:00', 1, 303, 'Klb.', 303000, NULL),
(611, '2010-11-07 00:00:00', 1, 267, 'Klb.', 267000, NULL),
(612, '2010-11-08 00:00:00', 1, 241, 'Klb.', 241000, NULL),
(613, '2010-11-09 00:00:00', 1, 211, 'Klb.', 211000, NULL),
(614, '2010-11-10 00:00:00', 1, 200, 'Klb.', 200000, NULL),
(615, '2010-11-11 00:00:00', 1, 257, 'Klb.', 257000, NULL),
(616, '2010-11-12 00:00:00', 1, 304, 'Klb.', 304000, NULL),
(617, '2010-11-13 00:00:00', 1, 344, 'Klb.', 344000, NULL),
(618, '2010-11-14 00:00:00', 1, 355, 'Klb.', 355000, NULL),
(619, '2010-11-15 00:00:00', 1, 390, 'Klb.', 390000, NULL),
(620, '2010-11-16 00:00:00', 1, 411, 'Klb.', 411000, NULL),
(621, '2010-11-17 00:00:00', 1, 400, 'Klb.', 400000, NULL),
(622, '2010-11-18 00:00:00', 1, 467, 'Klb.', 467000, NULL),
(623, '2010-11-19 00:00:00', 1, 399, 'Klb.', 399000, NULL),
(624, '2010-11-20 00:00:00', 1, 469, 'Klb.', 469000, NULL),
(625, '2010-11-21 00:00:00', 1, 410, 'Klb.', 410000, NULL),
(626, '2010-11-22 00:00:00', 1, 459, 'Klb.', 459000, NULL),
(627, '2010-11-23 00:00:00', 1, 524, 'Klb.', 524000, NULL),
(628, '2010-11-24 00:00:00', 1, 415, 'Klb.', 415000, NULL),
(629, '2010-11-25 00:00:00', 1, 453, 'Klb.', 453000, NULL),
(630, '2010-11-26 00:00:00', 1, 451, 'Klb.', 451000, NULL),
(631, '2010-11-27 00:00:00', 1, 457, 'Klb.', 457000, NULL),
(632, '2010-11-28 00:00:00', 1, 352, 'Klb.', 352000, NULL),
(633, '2010-11-29 00:00:00', 1, 350, 'Klb.', 350000, NULL),
(634, '2010-11-30 00:00:00', 1, 454, 'Klb.', 454000, NULL),
(635, '2010-12-01 00:00:00', 1, 536, 'Klb.', 536000, NULL),
(636, '2010-12-02 00:00:00', 1, 523, 'Klb.', 523000, NULL),
(637, '2010-12-03 00:00:00', 1, 524, 'Klb.', 524000, NULL),
(638, '2010-12-04 00:00:00', 1, 471, 'Klb.', 471000, NULL),
(639, '2010-12-05 00:00:00', 1, 527, 'Klb.', 527000, NULL),
(640, '2010-12-06 00:00:00', 1, 504, 'Klb.', 504000, NULL),
(641, '2010-12-07 00:00:00', 1, 536, 'Klb.', 536000, NULL),
(642, '2010-12-08 00:00:00', 1, 580, 'Klb.', 580000, NULL),
(643, '2010-12-09 00:00:00', 1, 443, 'Klb.', 443000, NULL),
(644, '2010-12-10 00:00:00', 1, 439, 'Klb.', 439000, NULL),
(645, '2010-12-11 00:00:00', 1, 453, 'Klb.', 453000, NULL),
(646, '2010-12-12 00:00:00', 1, 547, 'Klb.', 547000, NULL),
(647, '2010-12-13 00:00:00', 1, 614, 'Klb.', 614000, NULL),
(648, '2010-12-14 00:00:00', 1, 594, 'Klb.', 594000, NULL),
(649, '2010-12-15 00:00:00', 1, 493, 'Klb.', 493000, NULL),
(650, '2010-12-16 00:00:00', 1, 466, 'Klb.', 466000, NULL),
(651, '2010-12-17 00:00:00', 1, 510, 'Klb.', 510000, NULL),
(652, '2010-12-18 00:00:00', 1, 524, 'Klb.', 524000, NULL),
(653, '2010-12-19 00:00:00', 1, 518, 'Klb.', 518000, NULL),
(654, '2010-12-20 00:00:00', 1, 464, 'Klb.', 464000, NULL),
(655, '2010-12-21 00:00:00', 1, 499, 'Klb.', 499000, NULL),
(656, '2010-12-22 00:00:00', 1, 479, 'Klb.', 479000, NULL),
(657, '2010-12-23 00:00:00', 1, 401, 'Klb.', 401000, NULL),
(658, '2010-12-24 00:00:00', 1, 400, 'Klb.', 400000, NULL),
(659, '2010-12-25 00:00:00', 1, 453, 'Klb.', 453000, NULL),
(660, '2010-12-26 00:00:00', 1, 471, 'Klb.', 471000, NULL),
(661, '2010-12-27 00:00:00', 1, 471, 'Klb.', 471000, NULL),
(662, '2010-12-28 00:00:00', 1, 451, 'Klb.', 451000, NULL),
(663, '2010-12-29 00:00:00', 1, 394, 'Klb.', 394000, NULL),
(664, '2010-12-30 00:00:00', 1, 385, 'Klb.', 385000, NULL),
(665, '2010-12-31 00:00:00', 1, 476, 'Klb.', 476000, NULL),
(666, '2011-01-01 00:00:00', 1, 617, 'Klb.', 617000, NULL),
(667, '2011-01-02 00:00:00', 1, 609, 'Klb.', 609000, NULL),
(668, '2011-01-03 00:00:00', 1, 591, 'Klb.', 591000, NULL),
(669, '2011-01-04 00:00:00', 1, 702, 'Klb.', 702000, NULL),
(670, '2011-01-05 00:00:00', 1, 563, 'Klb.', 563000, NULL),
(671, '2011-01-06 00:00:00', 1, 580, 'Klb.', 580000, NULL),
(672, '2011-01-07 00:00:00', 1, 601, 'Klb.', 601000, NULL),
(673, '2011-01-08 00:00:00', 1, 638, 'Klb.', 638000, NULL),
(674, '2011-01-09 00:00:00', 1, 669, 'Klb.', 669000, NULL),
(675, '2011-01-10 00:00:00', 1, 592, 'Klb.', 592000, NULL),
(676, '2011-01-11 00:00:00', 1, 547, 'Klb.', 547000, NULL),
(677, '2011-01-12 00:00:00', 1, 631, 'Klb.', 631000, NULL),
(678, '2011-01-13 00:00:00', 1, 645, 'Klb.', 645000, NULL),
(679, '2011-01-14 00:00:00', 1, 598, 'Klb.', 598000, NULL),
(680, '2011-01-15 00:00:00', 1, 606, 'Klb.', 606000, NULL),
(681, '2011-01-16 00:00:00', 1, 627, 'Klb.', 627000, NULL),
(682, '2011-01-17 00:00:00', 1, 548, 'Klb.', 548000, NULL),
(683, '2011-01-18 00:00:00', 1, 600, 'Klb.', 600000, NULL),
(684, '2011-01-19 00:00:00', 1, 678, 'Klb.', 678000, NULL),
(685, '2011-01-20 00:00:00', 1, 711, 'Klb.', 711000, NULL),
(686, '2011-01-21 00:00:00', 1, 770, 'Klb.', 770000, NULL),
(687, '2011-01-22 00:00:00', 1, 704, 'Klb.', 704000, NULL),
(688, '2011-01-23 00:00:00', 1, 713, 'Klb.', 713000, NULL),
(689, '2011-01-24 00:00:00', 1, 602, 'Klb.', 602000, NULL),
(690, '2011-01-25 00:00:00', 1, 585, 'Klb.', 585000, NULL),
(691, '2011-01-26 00:00:00', 1, 557, 'Klb.', 557000, NULL),
(692, '2011-01-27 00:00:00', 1, 502, 'Klb.', 502000, NULL),
(693, '2011-01-28 00:00:00', 1, 471, 'Klb.', 471000, NULL),
(694, '2011-01-29 00:00:00', 1, 475, 'Klb.', 475000, NULL),
(695, '2011-01-30 00:00:00', 1, 540, 'Klb.', 540000, NULL),
(696, '2011-01-31 00:00:00', 1, 544, 'Klb.', 544000, NULL),
(697, '2011-02-01 00:00:00', 1, 628, 'Klb.', 628000, NULL),
(698, '2011-02-02 00:00:00', 1, 707, 'Klb.', 707000, NULL),
(699, '2011-02-03 00:00:00', 1, 650, 'Klb.', 650000, NULL),
(700, '2011-02-04 00:00:00', 1, 534, 'Klb.', 534000, NULL),
(701, '2011-02-05 00:00:00', 1, 506, 'Klb.', 506000, NULL),
(702, '2011-02-06 00:00:00', 1, 483, 'Klb.', 483000, NULL),
(703, '2011-02-07 00:00:00', 1, 622, 'Klb.', 622000, NULL),
(704, '2011-02-08 00:00:00', 1, 736, 'Klb.', 736000, NULL),
(705, '2011-02-09 00:00:00', 1, 765, 'Klb.', 765000, NULL),
(706, '2011-02-10 00:00:00', 1, 724, 'Klb.', 724000, NULL),
(707, '2011-02-11 00:00:00', 1, 595, 'Klb.', 595000, NULL),
(708, '2011-02-12 00:00:00', 1, 474, 'Klb.', 474000, NULL),
(709, '2011-02-13 00:00:00', 1, 398, 'Klb.', 398000, NULL),
(710, '2011-02-14 00:00:00', 1, 411, 'Klb.', 411000, NULL),
(711, '2011-02-15 00:00:00', 1, 396, 'Klb.', 396000, NULL),
(712, '2011-02-16 00:00:00', 1, 370, 'Klb.', 370000, NULL),
(713, '2011-02-17 00:00:00', 1, 353, 'Klb.', 353000, NULL),
(714, '2011-02-18 00:00:00', 1, 481, 'Klb.', 481000, NULL),
(715, '2011-02-19 00:00:00', 1, 487, 'Klb.', 487000, NULL),
(716, '2011-02-20 00:00:00', 1, 467, 'Klb.', 467000, NULL),
(717, '2011-02-21 00:00:00', 1, 525, 'Klb.', 525000, NULL),
(718, '2011-02-22 00:00:00', 1, 532, 'Klb.', 532000, NULL),
(719, '2011-02-23 00:00:00', 1, 461, 'Klb.', 461000, NULL),
(720, '2011-02-24 00:00:00', 1, 517, 'Klb.', 517000, NULL),
(721, '2011-02-25 00:00:00', 1, 603, 'Klb.', 603000, NULL),
(722, '2011-02-26 00:00:00', 1, 655, 'Klb.', 655000, NULL),
(723, '2011-02-27 00:00:00', 1, 533, 'Klb.', 533000, NULL),
(724, '2011-02-28 00:00:00', 1, 566, 'Klb.', 566000, NULL),
(725, '2011-03-01 00:00:00', 1, 492, 'Klb.', 492000, NULL),
(726, '2011-03-02 00:00:00', 1, 637, 'Klb.', 637000, NULL),
(727, '2011-03-03 00:00:00', 1, 457, 'Klb.', 457000, NULL),
(728, '2011-03-04 00:00:00', 1, 457, 'Klb.', 457000, NULL),
(729, '2011-03-05 00:00:00', 1, 481, 'Klb.', 481000, NULL),
(730, '2011-03-06 00:00:00', 1, 494, 'Klb.', 494000, NULL),
(731, '2011-03-07 00:00:00', 1, 466, 'Klb.', 466000, NULL),
(732, '2011-03-08 00:00:00', 1, 420, 'Klb.', 420000, NULL),
(733, '2011-03-09 00:00:00', 1, 417, 'Klb.', 417000, NULL),
(734, '2011-03-10 00:00:00', 1, 463, 'Klb.', 463000, NULL),
(735, '2011-03-11 00:00:00', 1, 425, 'Klb.', 425000, NULL),
(736, '2011-03-12 00:00:00', 1, 511, 'Klb.', 511000, NULL),
(737, '2011-03-13 00:00:00', 1, 480, 'Klb.', 480000, NULL),
(738, '2011-03-14 00:00:00', 1, 448, 'Klb.', 448000, NULL),
(739, '2011-03-15 00:00:00', 1, 339, 'Klb.', 339000, NULL),
(740, '2011-03-16 00:00:00', 1, 293, 'Klb.', 293000, NULL),
(741, '2011-03-17 00:00:00', 1, 260, 'Klb.', 260000, NULL),
(742, '2011-03-18 00:00:00', 1, 310, 'Klb.', 310000, NULL),
(743, '2011-03-19 00:00:00', 1, 295, 'Klb.', 295000, NULL),
(744, '2011-03-20 00:00:00', 1, 278, 'Klb.', 278000, NULL),
(745, '2011-03-21 00:00:00', 1, 306, 'Klb.', 306000, NULL),
(746, '2011-03-22 00:00:00', 1, 339, 'Klb.', 339000, NULL),
(747, '2011-03-23 00:00:00', 1, 382, 'Klb.', 382000, NULL),
(748, '2011-03-24 00:00:00', 1, 442, 'Klb.', 442000, NULL),
(749, '2011-03-25 00:00:00', 1, 383, 'Klb.', 383000, NULL),
(750, '2011-03-26 00:00:00', 1, 420, 'Klb.', 420000, NULL),
(751, '2011-03-27 00:00:00', 1, 471, 'Klb.', 471000, NULL),
(752, '2011-03-28 00:00:00', 1, 410, 'Klb.', 410000, NULL),
(753, '2011-03-29 00:00:00', 1, 417, 'Klb.', 417000, NULL),
(754, '2011-03-30 00:00:00', 1, 387, 'Klb.', 387000, NULL),
(755, '2011-03-31 00:00:00', 1, 327, 'Klb.', 327000, NULL),
(756, '2011-04-01 00:00:00', 1, 346, 'Klb.', 346000, NULL),
(757, '2011-04-02 00:00:00', 1, 307, 'Klb.', 307000, NULL),
(758, '2011-04-03 00:00:00', 1, 270, 'Klb.', 270000, NULL),
(759, '2011-04-04 00:00:00', 1, 335, 'Klb.', 335000, NULL),
(760, '2011-04-05 00:00:00', 1, 316, 'Klb.', 316000, NULL),
(761, '2011-04-06 00:00:00', 1, 278, 'Klb.', 278000, NULL),
(762, '2011-04-07 00:00:00', 1, 254, 'Klb.', 254000, NULL),
(763, '2011-04-08 00:00:00', 1, 349, 'Klb.', 349000, NULL),
(764, '2011-04-09 00:00:00', 1, 212, 'Klb.', 212000, NULL),
(765, '2011-04-10 00:00:00', 1, 188, 'Klb.', 188000, NULL),
(766, '2011-04-11 00:00:00', 1, 241, 'Klb.', 241000, NULL),
(767, '2011-04-12 00:00:00', 1, 225, 'Klb.', 225000, NULL),
(768, '2011-04-13 00:00:00', 1, 231, 'Klb.', 231000, NULL),
(769, '2011-04-14 00:00:00', 1, 319, 'Klb.', 319000, NULL),
(770, '2011-04-15 00:00:00', 1, 347, 'Klb.', 347000, NULL),
(771, '2011-04-16 00:00:00', 1, 341, 'Klb.', 341000, NULL),
(772, '2011-04-17 00:00:00', 1, 323, 'Klb.', 323000, NULL),
(773, '2011-04-18 00:00:00', 1, 319, 'Klb.', 319000, NULL),
(774, '2011-04-19 00:00:00', 1, 347, 'Klb.', 347000, NULL),
(775, '2011-04-20 00:00:00', 1, 354, 'Klb.', 354000, NULL),
(776, '2011-04-21 00:00:00', 1, 352, 'Klb.', 352000, NULL),
(777, '2011-04-22 00:00:00', 1, 330, 'Klb.', 330000, NULL),
(778, '2011-04-23 00:00:00', 1, 291, 'Klb.', 291000, NULL),
(779, '2011-04-24 00:00:00', 1, 264, 'Klb.', 264000, NULL),
(780, '2011-04-25 00:00:00', 1, 249, 'Klb.', 249000, NULL),
(781, '2011-04-26 00:00:00', 1, 307, 'Klb.', 307000, NULL),
(782, '2011-04-27 00:00:00', 1, 337, 'Klb.', 337000, NULL),
(783, '2011-04-28 00:00:00', 1, 317, 'Klb.', 317000, NULL),
(784, '2011-04-29 00:00:00', 1, 258, 'Klb.', 258000, NULL),
(785, '2011-04-30 00:00:00', 1, 235, 'Klb.', 235000, NULL),
(786, '2011-05-01 00:00:00', 1, 331, 'Klb.', 331000, NULL),
(787, '2011-05-02 00:00:00', 1, 371, 'Klb.', 371000, NULL),
(788, '2011-05-03 00:00:00', 1, 317, 'Klb.', 317000, NULL),
(789, '2011-05-04 00:00:00', 1, 260, 'Klb.', 260000, NULL),
(790, '2011-05-05 00:00:00', 1, 239, 'Klb.', 239000, NULL),
(791, '2011-05-06 00:00:00', 1, 222, 'Klb.', 222000, NULL),
(792, '2011-05-07 00:00:00', 1, 192, 'Klb.', 192000, NULL),
(793, '2011-05-08 00:00:00', 1, 188, 'Klb.', 188000, NULL),
(794, '2011-05-09 00:00:00', 1, 193, 'Klb.', 193000, NULL),
(795, '2011-05-10 00:00:00', 1, 172, 'Klb.', 172000, NULL),
(796, '2011-05-11 00:00:00', 1, 170, 'Klb.', 170000, NULL),
(797, '2011-05-12 00:00:00', 1, 188, 'Klb.', 188000, NULL),
(798, '2011-05-13 00:00:00', 1, 220, 'Klb.', 220000, NULL),
(799, '2011-05-14 00:00:00', 1, 274, 'Klb.', 274000, NULL),
(800, '2011-05-15 00:00:00', 1, 228, 'Klb.', 228000, NULL),
(801, '2011-05-16 00:00:00', 1, 231, 'Klb.', 231000, NULL),
(802, '2011-05-17 00:00:00', 1, 231, 'Klb.', 231000, NULL),
(803, '2011-05-18 00:00:00', 1, 215, 'Klb.', 215000, NULL),
(804, '2011-05-19 00:00:00', 1, 194, 'Klb.', 194000, NULL),
(805, '2011-05-20 00:00:00', 1, 179, 'Klb.', 179000, NULL),
(806, '2011-05-21 00:00:00', 1, 184, 'Klb.', 184000, NULL),
(807, '2011-05-22 00:00:00', 1, 171, 'Klb.', 171000, NULL),
(808, '2011-05-23 00:00:00', 1, 178, 'Klb.', 178000, NULL),
(809, '2011-05-24 00:00:00', 1, 172, 'Klb.', 172000, NULL),
(810, '2011-05-25 00:00:00', 1, 216, 'Klb.', 216000, NULL),
(811, '2011-05-26 00:00:00', 1, 211, 'Klb.', 211000, NULL),
(812, '2011-05-27 00:00:00', 1, 215, 'Klb.', 215000, NULL),
(813, '2011-05-28 00:00:00', 1, 173, 'Klb.', 173000, NULL),
(814, '2011-05-29 00:00:00', 1, 176, 'Klb.', 176000, NULL),
(815, '2011-05-30 00:00:00', 1, 171, 'Klb.', 171000, NULL),
(816, '2011-05-31 00:00:00', 1, 168, 'Klb.', 168000, NULL),
(817, '2011-06-01 00:00:00', 1, 174, 'Klb.', 174000, NULL),
(818, '2011-06-02 00:00:00', 1, 167, 'Klb.', 167000, NULL),
(819, '2011-06-03 00:00:00', 1, 159, 'Klb.', 159000, NULL),
(820, '2011-06-04 00:00:00', 1, 155, 'Klb.', 155000, NULL),
(821, '2011-06-05 00:00:00', 1, 152, 'Klb.', 152000, NULL),
(822, '2011-06-06 00:00:00', 1, 149, 'Klb.', 149000, NULL),
(823, '2011-06-07 00:00:00', 1, 137, 'Klb.', 137000, NULL),
(824, '2011-06-08 00:00:00', 1, 137, 'Klb.', 137000, NULL),
(825, '2011-06-09 00:00:00', 1, 153, 'Klb.', 153000, NULL),
(826, '2011-06-10 00:00:00', 1, 161, 'Klb.', 161000, NULL),
(827, '2011-06-11 00:00:00', 1, 162, 'Klb.', 162000, NULL),
(828, '2011-06-12 00:00:00', 1, 146, 'Klb.', 146000, NULL),
(829, '2011-06-13 00:00:00', 1, 145, 'Klb.', 145000, NULL),
(830, '2011-06-14 00:00:00', 1, 142, 'Klb.', 142000, NULL),
(831, '2011-06-15 00:00:00', 1, 148, 'Klb.', 148000, NULL),
(832, '2011-06-16 00:00:00', 1, 147, 'Klb.', 147000, NULL),
(833, '2011-06-17 00:00:00', 1, 151, 'Klb.', 151000, NULL),
(834, '2011-06-18 00:00:00', 1, 149, 'Klb.', 149000, NULL),
(835, '2011-06-19 00:00:00', 1, 147, 'Klb.', 147000, NULL),
(836, '2011-06-20 00:00:00', 1, 136, 'Klb.', 136000, NULL),
(837, '2011-06-21 00:00:00', 1, 141, 'Klb.', 141000, NULL),
(838, '2011-06-22 00:00:00', 1, 138, 'Klb.', 138000, NULL),
(839, '2011-06-23 00:00:00', 1, 151, 'Klb.', 151000, NULL),
(840, '2011-06-24 00:00:00', 1, 147, 'Klb.', 147000, NULL),
(841, '2011-06-25 00:00:00', 1, 139, 'Klb.', 139000, NULL),
(842, '2011-06-26 00:00:00', 1, 134, 'Klb.', 134000, NULL),
(843, '2011-06-27 00:00:00', 1, 136, 'Klb.', 136000, NULL),
(844, '2011-06-28 00:00:00', 1, 130, 'Klb.', 130000, NULL),
(845, '2011-06-29 00:00:00', 1, 129, 'Klb.', 129000, NULL),
(846, '2011-06-30 00:00:00', 1, 120, 'Klb.', 120000, NULL),
(847, '2011-07-01 00:00:00', 1, 116, 'Klb.', 116000, NULL),
(848, '2011-07-02 00:00:00', 1, 117, 'Klb.', 117000, NULL),
(849, '2011-07-03 00:00:00', 1, 85, 'Klb.', 85000, NULL),
(850, '2011-07-04 00:00:00', 1, 0, 'Klb.', 0, NULL),
(851, '2011-07-05 00:00:00', 1, 0, 'Klb.', 0, NULL),
(852, '2011-07-06 00:00:00', 1, 52, 'Klb.', 52000, NULL),
(853, '2011-07-07 00:00:00', 1, 130, 'Klb.', 130000, NULL),
(854, '2011-07-08 00:00:00', 1, 124, 'Klb.', 124000, NULL),
(855, '2011-07-09 00:00:00', 1, 112, 'Klb.', 112000, NULL),
(856, '2011-07-10 00:00:00', 1, 117, 'Klb.', 117000, NULL),
(857, '2011-07-11 00:00:00', 1, 122, 'Klb.', 122000, NULL),
(858, '2011-07-12 00:00:00', 1, 124, 'Klb.', 124000, NULL),
(859, '2011-07-13 00:00:00', 1, 129, 'Klb.', 129000, NULL),
(860, '2011-07-14 00:00:00', 1, 131, 'Klb.', 131000, NULL),
(861, '2011-07-15 00:00:00', 1, 126, 'Klb.', 126000, NULL),
(862, '2011-07-16 00:00:00', 1, 121, 'Klb.', 121000, NULL),
(863, '2011-07-17 00:00:00', 1, 120, 'Klb.', 120000, NULL);
INSERT INTO `EnergyData` (`EnergyDataID`, `Date`, `MeterID`, `MeasuredValue`, `Unit`, `BTUConversion`, `Cost`) VALUES
(864, '2011-07-18 00:00:00', 1, 116, 'Klb.', 116000, NULL),
(865, '2011-07-19 00:00:00', 1, 115, 'Klb.', 115000, NULL),
(866, '2011-07-20 00:00:00', 1, 115, 'Klb.', 115000, NULL),
(867, '2011-07-21 00:00:00', 1, 120, 'Klb.', 120000, NULL),
(868, '2011-07-22 00:00:00', 1, 119, 'Klb.', 119000, NULL),
(869, '2011-07-23 00:00:00', 1, 117, 'Klb.', 117000, NULL),
(870, '2011-07-24 00:00:00', 1, 119, 'Klb.', 119000, NULL),
(871, '2011-07-25 00:00:00', 1, 124, 'Klb.', 124000, NULL),
(872, '2011-07-26 00:00:00', 1, 120, 'Klb.', 120000, NULL),
(873, '2011-07-27 00:00:00', 1, 124, 'Klb.', 124000, NULL),
(874, '2011-07-28 00:00:00', 1, 128, 'Klb.', 128000, NULL),
(875, '2011-07-29 00:00:00', 1, 131, 'Klb.', 131000, NULL),
(876, '2011-07-30 00:00:00', 1, 118, 'Klb.', 118000, NULL),
(877, '2011-07-31 00:00:00', 1, 120, 'Klb.', 120000, NULL),
(878, '2011-08-01 00:00:00', 1, 128, 'Klb.', 128000, NULL),
(879, '2011-08-02 00:00:00', 1, 123, 'Klb.', 123000, NULL),
(880, '2011-08-03 00:00:00', 1, 130, 'Klb.', 130000, NULL),
(881, '2011-08-04 00:00:00', 1, 129, 'Klb.', 129000, NULL),
(882, '2011-08-05 00:00:00', 1, 127, 'Klb.', 127000, NULL),
(883, '2011-08-06 00:00:00', 1, 121, 'Klb.', 121000, NULL),
(884, '2011-08-07 00:00:00', 1, 116, 'Klb.', 116000, NULL),
(885, '2011-08-08 00:00:00', 1, 130, 'Klb.', 130000, NULL),
(886, '2011-08-09 00:00:00', 1, 127, 'Klb.', 127000, NULL),
(887, '2011-08-10 00:00:00', 1, 133, 'Klb.', 133000, NULL),
(888, '2011-08-11 00:00:00', 1, 129, 'Klb.', 129000, NULL),
(889, '2011-08-12 00:00:00', 1, 138, 'Klb.', 138000, NULL),
(890, '2011-08-13 00:00:00', 1, 126, 'Klb.', 126000, NULL),
(891, '2011-08-14 00:00:00', 1, 130, 'Klb.', 130000, NULL),
(892, '2011-08-15 00:00:00', 1, 140, 'Klb.', 140000, NULL),
(893, '2011-08-16 00:00:00', 1, 130, 'Klb.', 130000, NULL),
(894, '2011-08-17 00:00:00', 1, 132, 'Klb.', 132000, NULL),
(895, '2011-08-18 00:00:00', 1, 131, 'Klb.', 131000, NULL),
(896, '2011-08-19 00:00:00', 1, 135, 'Klb.', 135000, NULL),
(897, '2011-08-20 00:00:00', 1, 138, 'Klb.', 138000, NULL),
(898, '2011-08-21 00:00:00', 1, 138, 'Klb.', 138000, NULL),
(899, '2011-08-22 00:00:00', 1, 143, 'Klb.', 143000, NULL),
(900, '2011-08-23 00:00:00', 1, 135, 'Klb.', 135000, NULL),
(901, '2011-08-24 00:00:00', 1, 134, 'Klb.', 134000, NULL),
(902, '2011-08-25 00:00:00', 1, 139, 'Klb.', 139000, NULL),
(903, '2011-08-26 00:00:00', 1, 138, 'Klb.', 138000, NULL),
(904, '2011-08-27 00:00:00', 1, 129, 'Klb.', 129000, NULL),
(905, '2011-08-28 00:00:00', 1, 138, 'Klb.', 138000, NULL),
(906, '2011-08-29 00:00:00', 1, 142, 'Klb.', 142000, NULL),
(907, '2011-08-30 00:00:00', 1, 141, 'Klb.', 141000, NULL),
(908, '2011-08-31 00:00:00', 1, 140, 'Klb.', 140000, NULL),
(909, '2011-09-01 00:00:00', 1, 137, 'Klb.', 137000, NULL),
(910, '2011-09-02 00:00:00', 1, 137, 'Klb.', 137000, NULL),
(911, '2011-09-03 00:00:00', 1, 129, 'Klb.', 129000, NULL),
(912, '2011-09-04 00:00:00', 1, 145, 'Klb.', 145000, NULL),
(913, '2011-09-05 00:00:00', 1, 157, 'Klb.', 157000, NULL),
(914, '2011-09-06 00:00:00', 1, 163, 'Klb.', 163000, NULL),
(915, '2011-09-07 00:00:00', 1, 172, 'Klb.', 172000, NULL),
(916, '2011-09-08 00:00:00', 1, 164, 'Klb.', 164000, NULL),
(917, '2011-09-09 00:00:00', 1, 163, 'Klb.', 163000, NULL),
(918, '2011-09-10 00:00:00', 1, 158, 'Klb.', 158000, NULL),
(919, '2011-09-11 00:00:00', 1, 161, 'Klb.', 161000, NULL),
(920, '2011-09-12 00:00:00', 1, 160, 'Klb.', 160000, NULL),
(921, '2011-09-13 00:00:00', 1, 171, 'Klb.', 171000, NULL),
(922, '2011-09-14 00:00:00', 1, 224, 'Klb.', 224000, NULL),
(923, '2011-09-15 00:00:00', 1, 239, 'Klb.', 239000, NULL),
(924, '2011-09-16 00:00:00', 1, 232, 'Klb.', 232000, NULL),
(925, '2011-09-17 00:00:00', 1, 182, 'Klb.', 182000, NULL),
(926, '2011-09-18 00:00:00', 1, 167, 'Klb.', 167000, NULL),
(927, '2011-09-19 00:00:00', 1, 192, 'Klb.', 192000, NULL),
(928, '2011-09-20 00:00:00', 1, 182, 'Klb.', 182000, NULL),
(929, '2011-09-21 00:00:00', 1, 210, 'Klb.', 210000, NULL),
(930, '2011-09-22 00:00:00', 1, 237, 'Klb.', 237000, NULL),
(931, '2011-09-23 00:00:00', 1, 235, 'Klb.', 235000, NULL),
(932, '2011-09-24 00:00:00', 1, 245, 'Klb.', 245000, NULL),
(933, '2011-09-25 00:00:00', 1, 212, 'Klb.', 212000, NULL),
(934, '2011-09-26 00:00:00', 1, 201, 'Klb.', 201000, NULL),
(935, '2011-09-27 00:00:00', 1, 194, 'Klb.', 194000, NULL),
(936, '2011-09-28 00:00:00', 1, 185, 'Klb.', 185000, NULL),
(937, '2011-09-29 00:00:00', 1, 189, 'Klb.', 189000, NULL),
(938, '2011-09-30 00:00:00', 1, 221, 'Klb.', 221000, NULL),
(939, '2011-10-01 00:00:00', 1, 264, 'Klb.', 264000, NULL),
(940, '2011-10-02 00:00:00', 1, 195, 'Klb.', 195000, NULL),
(941, '2011-10-03 00:00:00', 1, 208, 'Klb.', 208000, NULL),
(942, '2011-10-04 00:00:00', 1, 197, 'Klb.', 197000, NULL),
(943, '2011-10-05 00:00:00', 1, 182, 'Klb.', 182000, NULL),
(944, '2011-10-06 00:00:00', 1, 185, 'Klb.', 185000, NULL),
(945, '2011-10-07 00:00:00', 1, 174, 'Klb.', 174000, NULL),
(946, '2011-10-08 00:00:00', 1, 166, 'Klb.', 166000, NULL),
(947, '2011-10-09 00:00:00', 1, 166, 'Klb.', 166000, NULL),
(948, '2011-10-10 00:00:00', 1, 181, 'Klb.', 181000, NULL),
(949, '2011-10-11 00:00:00', 1, 180, 'Klb.', 180000, NULL),
(950, '2011-10-12 00:00:00', 1, 183, 'Klb.', 183000, NULL),
(951, '2011-10-13 00:00:00', 1, 203, 'Klb.', 203000, NULL),
(952, '2011-10-14 00:00:00', 1, 233, 'Klb.', 233000, NULL),
(953, '2011-10-15 00:00:00', 1, 235, 'Klb.', 235000, NULL),
(954, '2011-10-16 00:00:00', 1, 234, 'Klb.', 234000, NULL),
(955, '2011-10-17 00:00:00', 1, 271, 'Klb.', 271000, NULL),
(956, '2011-10-18 00:00:00', 1, 285, 'Klb.', 285000, NULL),
(957, '2011-10-19 00:00:00', 1, 309, 'Klb.', 309000, NULL),
(958, '2011-10-20 00:00:00', 1, 315, 'Klb.', 315000, NULL),
(959, '2011-10-21 00:00:00', 1, 386, 'Klb.', 386000, NULL),
(960, '2011-10-22 00:00:00', 1, 245, 'Klb.', 245000, NULL),
(961, '2011-10-23 00:00:00', 1, 230, 'Klb.', 230000, NULL),
(962, '2011-10-24 00:00:00', 1, 250, 'Klb.', 250000, NULL),
(963, '2011-10-25 00:00:00', 1, 267, 'Klb.', 267000, NULL),
(964, '2011-10-26 00:00:00', 1, 289, 'Klb.', 289000, NULL),
(965, '2011-10-27 00:00:00', 1, 297, 'Klb.', 297000, NULL),
(966, '2011-10-28 00:00:00', 1, 304, 'Klb.', 304000, NULL),
(967, '2011-10-29 00:00:00', 1, 300, 'Klb.', 300000, NULL),
(968, '2011-10-30 00:00:00', 1, 283, 'Klb.', 283000, NULL),
(969, '2011-10-31 00:00:00', 1, 305, 'Klb.', 305000, NULL),
(970, '2011-11-01 00:00:00', 1, 280, 'Klb.', 280000, NULL),
(971, '2011-11-02 00:00:00', 1, 290, 'Klb.', 290000, NULL),
(972, '2011-11-03 00:00:00', 1, 340, 'Klb.', 340000, NULL),
(973, '2011-11-04 00:00:00', 1, 334, 'Klb.', 334000, NULL),
(974, '2011-11-05 00:00:00', 1, 265, 'Klb.', 265000, NULL),
(975, '2011-11-06 00:00:00', 1, 264, 'Klb.', 264000, NULL),
(976, '2011-11-07 00:00:00', 1, 323, 'Klb.', 323000, NULL),
(977, '2011-11-08 00:00:00', 1, 325, 'Klb.', 325000, NULL),
(978, '2011-11-09 00:00:00', 1, 327, 'Klb.', 327000, NULL),
(979, '2011-11-10 00:00:00', 1, 356, 'Klb.', 356000, NULL),
(980, '2011-11-11 00:00:00', 1, 346, 'Klb.', 346000, NULL),
(981, '2011-11-12 00:00:00', 1, 261, 'Klb.', 261000, NULL),
(982, '2011-11-13 00:00:00', 1, 283, 'Klb.', 283000, NULL),
(983, '2011-11-14 00:00:00', 1, 281, 'Klb.', 281000, NULL),
(984, '2011-11-15 00:00:00', 1, 352, 'Klb.', 352000, NULL),
(985, '2011-11-16 00:00:00', 1, 412, 'Klb.', 412000, NULL),
(986, '2011-11-17 00:00:00', 1, 443, 'Klb.', 443000, NULL),
(987, '2011-11-18 00:00:00', 1, 339, 'Klb.', 339000, NULL),
(988, '2011-11-19 00:00:00', 1, 386, 'Klb.', 386000, NULL),
(989, '2011-11-20 00:00:00', 1, 448, 'Klb.', 448000, NULL),
(990, '2011-11-21 00:00:00', 1, 413, 'Klb.', 413000, NULL),
(991, '2011-11-22 00:00:00', 1, 341, 'Klb.', 341000, NULL),
(992, '2011-11-23 00:00:00', 1, 279, 'Klb.', 279000, NULL),
(993, '2011-11-24 00:00:00', 1, 224, 'Klb.', 224000, NULL),
(994, '2011-11-25 00:00:00', 1, 199, 'Klb.', 199000, NULL),
(995, '2011-11-26 00:00:00', 1, 254, 'Klb.', 254000, NULL),
(996, '2011-11-27 00:00:00', 1, 307, 'Klb.', 307000, NULL),
(997, '2011-11-28 00:00:00', 1, 348, 'Klb.', 348000, NULL),
(998, '2011-11-29 00:00:00', 1, 358, 'Klb.', 358000, NULL),
(999, '2011-11-30 00:00:00', 1, 340, 'Klb.', 340000, NULL),
(1000, '2011-12-01 00:00:00', 1, 389, 'Klb.', 389000, NULL),
(1001, '2008-01-01 00:00:00', 1, 574, 'Klb.', 574000, NULL),
(1002, '2008-01-02 00:00:00', 1, 719, 'Klb.', 719000, NULL),
(1003, '2008-01-03 00:00:00', 1, 609, 'Klb.', 609000, NULL),
(1004, '2008-01-04 00:00:00', 1, 533, 'Klb.', 533000, NULL),
(1005, '2008-01-05 00:00:00', 1, 447, 'Klb.', 447000, NULL),
(1006, '2008-01-06 00:00:00', 1, 406, 'Klb.', 406000, NULL),
(1007, '2008-01-07 00:00:00', 1, 447, 'Klb.', 447000, NULL),
(1008, '2008-01-08 00:00:00', 1, 455, 'Klb.', 455000, NULL),
(1009, '2008-01-09 00:00:00', 1, 482, 'Klb.', 482000, NULL),
(1010, '2008-01-10 00:00:00', 1, 433, 'Klb.', 433000, NULL),
(1011, '2008-01-11 00:00:00', 1, 510, 'Klb.', 510000, NULL),
(1012, '2008-01-12 00:00:00', 1, 499, 'Klb.', 499000, NULL),
(1013, '2008-01-13 00:00:00', 1, 532, 'Klb.', 532000, NULL),
(1014, '2008-01-14 00:00:00', 1, 674, 'Klb.', 674000, NULL),
(1015, '2008-01-15 00:00:00', 1, 634, 'Klb.', 634000, NULL),
(1016, '2008-01-16 00:00:00', 1, 568, 'Klb.', 568000, NULL),
(1017, '2008-01-17 00:00:00', 1, 689, 'Klb.', 689000, NULL),
(1018, '2008-01-18 00:00:00', 1, 734, 'Klb.', 734000, NULL),
(1019, '2008-01-19 00:00:00', 1, 807, 'Klb.', 807000, NULL),
(1020, '2008-01-20 00:00:00', 1, 777, 'Klb.', 777000, NULL),
(1021, '2008-01-21 00:00:00', 1, 730, 'Klb.', 730000, NULL),
(1022, '2008-01-22 00:00:00', 1, 714, 'Klb.', 714000, NULL),
(1023, '2008-01-23 00:00:00', 1, 740, 'Klb.', 740000, NULL),
(1024, '2008-01-24 00:00:00', 1, 747, 'Klb.', 747000, NULL),
(1025, '2008-01-25 00:00:00', 1, 650, 'Klb.', 650000, NULL),
(1026, '2008-01-26 00:00:00', 1, 545, 'Klb.', 545000, NULL),
(1027, '2008-01-27 00:00:00', 1, 483, 'Klb.', 483000, NULL),
(1028, '2008-01-28 00:00:00', 1, 414, 'Klb.', 414000, NULL),
(1029, '2008-01-29 00:00:00', 1, 693, 'Klb.', 693000, NULL),
(1030, '2008-01-30 00:00:00', 1, 825, 'Klb.', 825000, NULL),
(1031, '2008-01-31 00:00:00', 1, 752, 'Klb.', 752000, NULL),
(1032, '2008-02-01 00:00:00', 1, 547, 'Klb.', 547000, NULL),
(1033, '2008-02-02 00:00:00', 1, 512, 'Klb.', 512000, NULL),
(1034, '2008-02-03 00:00:00', 1, 529, 'Klb.', 529000, NULL),
(1035, '2008-02-04 00:00:00', 1, 490, 'Klb.', 490000, NULL),
(1036, '2008-02-05 00:00:00', 1, 476, 'Klb.', 476000, NULL),
(1037, '2008-02-06 00:00:00', 1, 527, 'Klb.', 527000, NULL),
(1038, '2008-02-07 00:00:00', 1, 556, 'Klb.', 556000, NULL),
(1039, '2008-02-08 00:00:00', 1, 521, 'Klb.', 521000, NULL),
(1040, '2008-02-09 00:00:00', 1, 592, 'Klb.', 592000, NULL),
(1041, '2008-02-10 00:00:00', 1, 816, 'Klb.', 816000, NULL),
(1042, '2008-02-11 00:00:00', 1, 762, 'Klb.', 762000, NULL),
(1043, '2008-02-12 00:00:00', 1, 763, 'Klb.', 763000, NULL),
(1044, '2008-02-13 00:00:00', 1, 668, 'Klb.', 668000, NULL),
(1045, '2008-02-14 00:00:00', 1, 636, 'Klb.', 636000, NULL),
(1046, '2008-02-15 00:00:00', 1, 693, 'Klb.', 693000, NULL),
(1047, '2008-02-16 00:00:00', 1, 527, 'Klb.', 527000, NULL),
(1048, '2008-02-17 00:00:00', 1, 481, 'Klb.', 481000, NULL),
(1049, '2008-02-18 00:00:00', 1, 692, 'Klb.', 692000, NULL),
(1050, '2008-02-19 00:00:00', 1, 745, 'Klb.', 745000, NULL),
(1051, '2008-02-20 00:00:00', 1, 793, 'Klb.', 793000, NULL),
(1052, '2008-02-21 00:00:00', 1, 733, 'Klb.', 733000, NULL),
(1053, '2008-02-22 00:00:00', 1, 556, 'Klb.', 556000, NULL),
(1054, '2008-02-23 00:00:00', 1, 561, 'Klb.', 561000, NULL),
(1055, '2008-02-24 00:00:00', 1, 471, 'Klb.', 471000, NULL),
(1056, '2008-02-25 00:00:00', 1, 464, 'Klb.', 464000, NULL),
(1057, '2008-02-26 00:00:00', 1, 542, 'Klb.', 542000, NULL),
(1058, '2008-02-27 00:00:00', 1, 559, 'Klb.', 559000, NULL),
(1059, '2008-02-28 00:00:00', 1, 554, 'Klb.', 554000, NULL),
(1060, '2008-02-29 00:00:00', 1, 501, 'Klb.', 501000, NULL),
(1061, '2008-03-01 00:00:00', 1, 531, 'Klb.', 531000, NULL),
(1062, '2008-03-02 00:00:00', 1, 451, 'Klb.', 451000, NULL),
(1063, '2008-03-03 00:00:00', 1, 590, 'Klb.', 590000, NULL),
(1064, '2008-03-04 00:00:00', 1, 524, 'Klb.', 524000, NULL),
(1065, '2008-03-05 00:00:00', 1, 513, 'Klb.', 513000, NULL),
(1066, '2008-03-06 00:00:00', 1, 608, 'Klb.', 608000, NULL),
(1067, '2008-03-08 00:00:00', 1, 614, 'Klb.', 614000, NULL),
(1068, '2008-03-09 00:00:00', 1, 517, 'Klb.', 517000, NULL),
(1069, '2008-03-10 00:00:00', 1, 545, 'Klb.', 545000, NULL),
(1070, '2008-03-11 00:00:00', 1, 461, 'Klb.', 461000, NULL),
(1071, '2008-03-12 00:00:00', 1, 406, 'Klb.', 406000, NULL),
(1072, '2008-03-13 00:00:00', 1, 367, 'Klb.', 367000, NULL),
(1073, '2008-03-14 00:00:00', 1, 400, 'Klb.', 400000, NULL),
(1074, '2008-03-15 00:00:00', 1, 418, 'Klb.', 418000, NULL),
(1075, '2008-03-16 00:00:00', 1, 379, 'Klb.', 379000, NULL),
(1076, '2008-03-17 00:00:00', 1, 366, 'Klb.', 366000, NULL),
(1077, '2008-03-18 00:00:00', 1, 353, 'Klb.', 353000, NULL),
(1078, '2008-03-19 00:00:00', 1, 342, 'Klb.', 342000, NULL),
(1079, '2008-03-20 00:00:00', 1, 345, 'Klb.', 345000, NULL),
(1080, '2008-03-21 00:00:00', 1, 382, 'Klb.', 382000, NULL),
(1081, '2008-03-22 00:00:00', 1, 359, 'Klb.', 359000, NULL),
(1082, '2008-03-24 00:00:00', 1, 395, 'Klb.', 395000, NULL),
(1083, '2008-03-25 00:00:00', 1, 337, 'Klb.', 337000, NULL),
(1084, '2008-03-26 00:00:00', 1, 347, 'Klb.', 347000, NULL),
(1085, '2008-03-27 00:00:00', 1, 360, 'Klb.', 360000, NULL),
(1086, '2008-03-28 00:00:00', 1, 333, 'Klb.', 333000, NULL),
(1087, '2008-03-29 00:00:00', 1, 365, 'Klb.', 365000, NULL),
(1088, '2008-03-30 00:00:00', 1, 343, 'Klb.', 343000, NULL),
(1089, '2008-03-31 00:00:00', 1, 414, 'Klb.', 414000, NULL),
(1090, '2008-04-01 00:00:00', 1, 434, 'Klb.', 434000, NULL),
(1091, '2008-04-02 00:00:00', 1, 413, 'Klb.', 413000, NULL),
(1092, '2008-04-04 00:00:00', 1, 326, 'Klb.', 326000, NULL),
(1093, '2008-04-06 00:00:00', 1, 309, 'Klb.', 309000, NULL),
(1094, '2008-04-07 00:00:00', 1, 384, 'Klb.', 384000, NULL),
(1095, '2008-04-09 00:00:00', 1, 383, 'Klb.', 383000, NULL),
(1096, '2008-04-10 00:00:00', 1, 402, 'Klb.', 402000, NULL),
(1097, '2008-04-11 00:00:00', 1, 409, 'Klb.', 409000, NULL),
(1098, '2008-04-12 00:00:00', 1, 425, 'Klb.', 425000, NULL),
(1099, '2008-04-13 00:00:00', 1, 394, 'Klb.', 394000, NULL),
(1100, '2008-04-14 00:00:00', 1, 360, 'Klb.', 360000, NULL),
(1101, '2008-04-15 00:00:00', 1, 288, 'Klb.', 288000, NULL),
(1102, '2008-04-16 00:00:00', 1, 241, 'Klb.', 241000, NULL),
(1103, '2008-04-17 00:00:00', 1, 323, 'Klb.', 323000, NULL),
(1104, '2008-04-18 00:00:00', 1, 344, 'Klb.', 344000, NULL),
(1105, '2008-04-19 00:00:00', 1, 321, 'Klb.', 321000, NULL),
(1106, '2008-04-20 00:00:00', 1, 262, 'Klb.', 262000, NULL),
(1107, '2008-04-21 00:00:00', 1, 234, 'Klb.', 234000, NULL),
(1108, '2008-04-22 00:00:00', 1, 285, 'Klb.', 285000, NULL),
(1109, '2008-04-23 00:00:00', 1, 250, 'Klb.', 250000, NULL),
(1110, '2008-04-24 00:00:00', 1, 240, 'Klb.', 240000, NULL),
(1111, '2008-04-25 00:00:00', 1, 331, 'Klb.', 331000, NULL),
(1112, '2008-04-26 00:00:00', 1, 381, 'Klb.', 381000, NULL),
(1113, '2008-04-27 00:00:00', 1, 370, 'Klb.', 370000, NULL),
(1114, '2008-04-28 00:00:00', 1, 419, 'Klb.', 419000, NULL),
(1115, '2008-04-29 00:00:00', 1, 377, 'Klb.', 377000, NULL),
(1116, '2008-04-30 00:00:00', 1, 288, 'Klb.', 288000, NULL),
(1117, '2008-05-01 00:00:00', 1, 248, 'Klb.', 248000, NULL),
(1118, '2008-05-02 00:00:00', 1, 303, 'Klb.', 303000, NULL),
(1119, '2008-05-03 00:00:00', 1, 323, 'Klb.', 323000, NULL),
(1120, '2008-05-04 00:00:00', 1, 260, 'Klb.', 260000, NULL),
(1121, '2008-05-05 00:00:00', 1, 262, 'Klb.', 262000, NULL),
(1122, '2008-05-06 00:00:00', 1, 237, 'Klb.', 237000, NULL),
(1123, '2008-05-07 00:00:00', 1, 242, 'Klb.', 242000, NULL),
(1124, '2008-05-08 00:00:00', 1, 265, 'Klb.', 265000, NULL),
(1125, '2008-05-09 00:00:00', 1, 239, 'Klb.', 239000, NULL),
(1126, '2008-05-10 00:00:00', 1, 258, 'Klb.', 258000, NULL),
(1127, '2008-05-11 00:00:00', 1, 287, 'Klb.', 287000, NULL),
(1128, '2008-05-12 00:00:00', 1, 264, 'Klb.', 264000, NULL),
(1129, '2008-05-13 00:00:00', 1, 240, 'Klb.', 240000, NULL),
(1130, '2008-05-14 00:00:00', 1, 254, 'Klb.', 254000, NULL),
(1131, '2008-05-15 00:00:00', 1, 228, 'Klb.', 228000, NULL),
(1132, '2008-05-16 00:00:00', 1, 194, 'Klb.', 194000, NULL),
(1133, '2008-05-17 00:00:00', 1, 187, 'Klb.', 187000, NULL),
(1134, '2008-05-18 00:00:00', 1, 236, 'Klb.', 236000, NULL),
(1135, '2008-05-19 00:00:00', 1, 256, 'Klb.', 256000, NULL),
(1136, '2008-05-20 00:00:00', 1, 245, 'Klb.', 245000, NULL),
(1137, '2008-05-21 00:00:00', 1, 249, 'Klb.', 249000, NULL),
(1138, '2008-05-22 00:00:00', 1, 224, 'Klb.', 224000, NULL),
(1139, '2008-05-23 00:00:00', 1, 207, 'Klb.', 207000, NULL),
(1140, '2008-05-24 00:00:00', 1, 202, 'Klb.', 202000, NULL),
(1141, '2008-05-25 00:00:00', 1, 176, 'Klb.', 176000, NULL),
(1142, '2008-05-26 00:00:00', 1, 213, 'Klb.', 213000, NULL),
(1143, '2008-05-27 00:00:00', 1, 277, 'Klb.', 277000, NULL),
(1144, '2008-05-28 00:00:00', 1, 330, 'Klb.', 330000, NULL),
(1145, '2008-05-29 00:00:00', 1, 227, 'Klb.', 227000, NULL),
(1146, '2008-05-30 00:00:00', 1, 299, 'Klb.', 299000, NULL),
(1147, '2008-05-31 00:00:00', 1, 181, 'Klb.', 181000, NULL),
(1148, '2008-06-01 00:00:00', 1, 173, 'Klb.', 173000, NULL),
(1149, '2008-06-02 00:00:00', 1, 181, 'Klb.', 181000, NULL),
(1150, '2008-06-03 00:00:00', 1, 200, 'Klb.', 200000, NULL),
(1151, '2008-06-04 00:00:00', 1, 198, 'Klb.', 198000, NULL),
(1152, '2008-06-05 00:00:00', 1, 184, 'Klb.', 184000, NULL),
(1153, '2008-06-06 00:00:00', 1, 180, 'Klb.', 180000, NULL),
(1154, '2008-06-07 00:00:00', 1, 175, 'Klb.', 175000, NULL),
(1155, '2008-06-08 00:00:00', 1, 168, 'Klb.', 168000, NULL),
(1156, '2008-06-09 00:00:00', 1, 176, 'Klb.', 176000, NULL),
(1157, '2008-06-10 00:00:00', 1, 164, 'Klb.', 164000, NULL),
(1158, '2008-06-11 00:00:00', 1, 160, 'Klb.', 160000, NULL),
(1159, '2008-06-12 00:00:00', 1, 158, 'Klb.', 158000, NULL),
(1160, '2008-06-13 00:00:00', 1, 165, 'Klb.', 165000, NULL),
(1161, '2008-06-14 00:00:00', 1, 150, 'Klb.', 150000, NULL),
(1162, '2008-06-15 00:00:00', 1, 138, 'Klb.', 138000, NULL),
(1163, '2008-06-16 00:00:00', 1, 149, 'Klb.', 149000, NULL),
(1164, '2008-06-17 00:00:00', 1, 147, 'Klb.', 147000, NULL),
(1165, '2008-06-18 00:00:00', 1, 143, 'Klb.', 143000, NULL),
(1166, '2008-06-19 00:00:00', 1, 156, 'Klb.', 156000, NULL),
(1167, '2008-06-20 00:00:00', 1, 157, 'Klb.', 157000, NULL),
(1168, '2008-06-21 00:00:00', 1, 158, 'Klb.', 158000, NULL),
(1169, '2008-06-22 00:00:00', 1, 149, 'Klb.', 149000, NULL),
(1170, '2008-06-23 00:00:00', 1, 148, 'Klb.', 148000, NULL),
(1171, '2008-06-24 00:00:00', 1, 141, 'Klb.', 141000, NULL),
(1172, '2008-06-25 00:00:00', 1, 147, 'Klb.', 147000, NULL),
(1173, '2008-06-26 00:00:00', 1, 138, 'Klb.', 138000, NULL),
(1174, '2008-06-27 00:00:00', 1, 134, 'Klb.', 134000, NULL),
(1175, '2008-06-28 00:00:00', 1, 146, 'Klb.', 146000, NULL),
(1176, '2008-06-29 00:00:00', 1, 131, 'Klb.', 131000, NULL),
(1177, '2008-06-30 00:00:00', 1, 143, 'Klb.', 143000, NULL),
(1178, '2008-07-01 00:00:00', 1, 135, 'Klb.', 135000, NULL),
(1179, '2008-07-02 00:00:00', 1, 134, 'Klb.', 134000, NULL),
(1180, '2008-07-03 00:00:00', 1, 139, 'Klb.', 139000, NULL),
(1181, '2008-07-04 00:00:00', 1, 131, 'Klb.', 131000, NULL),
(1182, '2008-07-05 00:00:00', 1, 130, 'Klb.', 130000, NULL),
(1183, '2008-07-06 00:00:00', 1, 128, 'Klb.', 128000, NULL),
(1184, '2008-07-07 00:00:00', 1, 132, 'Klb.', 132000, NULL),
(1185, '2008-07-08 00:00:00', 1, 137, 'Klb.', 137000, NULL),
(1186, '2008-07-09 00:00:00', 1, 140, 'Klb.', 140000, NULL),
(1187, '2008-07-10 00:00:00', 1, 133, 'Klb.', 133000, NULL),
(1188, '2008-07-11 00:00:00', 1, 136, 'Klb.', 136000, NULL),
(1189, '2008-07-12 00:00:00', 1, 127, 'Klb.', 127000, NULL),
(1190, '2008-07-13 00:00:00', 1, 133, 'Klb.', 133000, NULL),
(1191, '2008-07-14 00:00:00', 1, 140, 'Klb.', 140000, NULL),
(1192, '2008-07-15 00:00:00', 1, 137, 'Klb.', 137000, NULL),
(1193, '2008-07-16 00:00:00', 1, 135, 'Klb.', 135000, NULL),
(1194, '2008-07-17 00:00:00', 1, 133, 'Klb.', 133000, NULL),
(1195, '2008-07-18 00:00:00', 1, 139, 'Klb.', 139000, NULL),
(1196, '2008-07-19 00:00:00', 1, 131, 'Klb.', 131000, NULL),
(1197, '2008-07-20 00:00:00', 1, 128, 'Klb.', 128000, NULL),
(1198, '2008-07-21 00:00:00', 1, 131, 'Klb.', 131000, NULL),
(1199, '2008-07-22 00:00:00', 1, 128, 'Klb.', 128000, NULL),
(1200, '2008-07-23 00:00:00', 1, 142, 'Klb.', 142000, NULL),
(1201, '2008-07-24 00:00:00', 1, 127, 'Klb.', 127000, NULL),
(1202, '2008-07-25 00:00:00', 1, 134, 'Klb.', 134000, NULL),
(1203, '2008-07-26 00:00:00', 1, 132, 'Klb.', 132000, NULL),
(1204, '2008-07-27 00:00:00', 1, 128, 'Klb.', 128000, NULL),
(1205, '2008-07-28 00:00:00', 1, 130, 'Klb.', 130000, NULL),
(1206, '2008-07-29 00:00:00', 1, 145, 'Klb.', 145000, NULL),
(1207, '2008-07-30 00:00:00', 1, 128, 'Klb.', 128000, NULL),
(1208, '2008-07-31 00:00:00', 1, 123, 'Klb.', 123000, NULL),
(1209, '2008-08-01 00:00:00', 1, 127, 'Klb.', 127000, NULL),
(1210, '2008-08-03 00:00:00', 1, 124, 'Klb.', 124000, NULL),
(1211, '2008-08-04 00:00:00', 1, 129, 'Klb.', 129000, NULL),
(1212, '2008-08-05 00:00:00', 1, 122, 'Klb.', 122000, NULL),
(1213, '2008-08-06 00:00:00', 1, 128, 'Klb.', 128000, NULL),
(1214, '2008-08-07 00:00:00', 1, 127, 'Klb.', 127000, NULL),
(1215, '2008-08-08 00:00:00', 1, 119, 'Klb.', 119000, NULL),
(1216, '2008-08-09 00:00:00', 1, 113, 'Klb.', 113000, NULL),
(1217, '2008-08-14 00:00:00', 1, 40, 'Klb.', 40000, NULL),
(1218, '2008-08-15 00:00:00', 1, 136, 'Klb.', 136000, NULL),
(1219, '2008-08-16 00:00:00', 1, 115, 'Klb.', 115000, NULL),
(1220, '2008-08-17 00:00:00', 1, 113, 'Klb.', 113000, NULL),
(1221, '2008-08-18 00:00:00', 1, 119, 'Klb.', 119000, NULL),
(1222, '2008-08-19 00:00:00', 1, 121, 'Klb.', 121000, NULL),
(1223, '2008-08-20 00:00:00', 1, 121, 'Klb.', 121000, NULL),
(1224, '2008-08-21 00:00:00', 1, 130, 'Klb.', 130000, NULL),
(1225, '2008-08-22 00:00:00', 1, 145, 'Klb.', 145000, NULL),
(1226, '2008-08-23 00:00:00', 1, 135, 'Klb.', 135000, NULL),
(1227, '2008-08-24 00:00:00', 1, 141, 'Klb.', 141000, NULL),
(1228, '2008-08-25 00:00:00', 1, 147, 'Klb.', 147000, NULL),
(1229, '2008-08-26 00:00:00', 1, 142, 'Klb.', 142000, NULL),
(1230, '2008-08-27 00:00:00', 1, 134, 'Klb.', 134000, NULL),
(1231, '2008-08-28 00:00:00', 1, 143, 'Klb.', 143000, NULL),
(1232, '2008-08-29 00:00:00', 1, 142, 'Klb.', 142000, NULL),
(1233, '2008-08-30 00:00:00', 1, 142, 'Klb.', 142000, NULL),
(1234, '2008-08-31 00:00:00', 1, 130, 'Klb.', 130000, NULL),
(1235, '2008-09-01 00:00:00', 1, 130, 'Klb.', 130000, NULL),
(1236, '2008-09-02 00:00:00', 1, 135, 'Klb.', 135000, NULL),
(1237, '2008-09-03 00:00:00', 1, 156, 'Klb.', 156000, NULL),
(1238, '2008-09-04 00:00:00', 1, 169, 'Klb.', 169000, NULL),
(1239, '2008-09-05 00:00:00', 1, 169, 'Klb.', 169000, NULL),
(1240, '2008-09-06 00:00:00', 1, 160, 'Klb.', 160000, NULL),
(1241, '2008-09-07 00:00:00', 1, 164, 'Klb.', 164000, NULL),
(1242, '2008-09-08 00:00:00', 1, 191, 'Klb.', 191000, NULL),
(1243, '2008-09-09 00:00:00', 1, 215, 'Klb.', 215000, NULL),
(1244, '2008-09-10 00:00:00', 1, 172, 'Klb.', 172000, NULL),
(1245, '2008-09-11 00:00:00', 1, 159, 'Klb.', 159000, NULL),
(1246, '2008-09-12 00:00:00', 1, 173, 'Klb.', 173000, NULL),
(1247, '2008-09-13 00:00:00', 1, 176, 'Klb.', 176000, NULL),
(1248, '2008-09-14 00:00:00', 1, 189, 'Klb.', 189000, NULL),
(1249, '2008-09-15 00:00:00', 1, 203, 'Klb.', 203000, NULL),
(1250, '2008-09-16 00:00:00', 1, 187, 'Klb.', 187000, NULL),
(1251, '2008-09-17 00:00:00', 1, 188, 'Klb.', 188000, NULL),
(1252, '2008-09-18 00:00:00', 1, 182, 'Klb.', 182000, NULL),
(1253, '2008-09-19 00:00:00', 1, 165, 'Klb.', 165000, NULL),
(1254, '2008-09-20 00:00:00', 1, 165, 'Klb.', 165000, NULL),
(1255, '2008-09-21 00:00:00', 1, 166, 'Klb.', 166000, NULL),
(1256, '2008-09-22 00:00:00', 1, 165, 'Klb.', 165000, NULL),
(1257, '2008-09-23 00:00:00', 1, 162, 'Klb.', 162000, NULL),
(1258, '2008-09-24 00:00:00', 1, 182, 'Klb.', 182000, NULL),
(1259, '2008-09-25 00:00:00', 1, 191, 'Klb.', 191000, NULL),
(1260, '2008-09-26 00:00:00', 1, 162, 'Klb.', 162000, NULL),
(1261, '2008-09-27 00:00:00', 1, 164, 'Klb.', 164000, NULL),
(1262, '2008-09-28 00:00:00', 1, 171, 'Klb.', 171000, NULL),
(1263, '2008-09-29 00:00:00', 1, 193, 'Klb.', 193000, NULL),
(1264, '2008-09-30 00:00:00', 1, 243, 'Klb.', 243000, NULL),
(1265, '2008-10-01 00:00:00', 1, 291, 'Klb.', 291000, NULL),
(1266, '2008-10-02 00:00:00', 1, 287, 'Klb.', 287000, NULL),
(1267, '2008-10-03 00:00:00', 1, 309, 'Klb.', 309000, NULL),
(1268, '2008-10-04 00:00:00', 1, 291, 'Klb.', 291000, NULL),
(1269, '2008-10-05 00:00:00', 1, 254, 'Klb.', 254000, NULL),
(1270, '2008-10-06 00:00:00', 1, 217, 'Klb.', 217000, NULL),
(1271, '2008-10-07 00:00:00', 1, 260, 'Klb.', 260000, NULL),
(1272, '2008-10-08 00:00:00', 1, 276, 'Klb.', 276000, NULL),
(1273, '2008-10-09 00:00:00', 1, 296, 'Klb.', 296000, NULL),
(1274, '2008-10-10 00:00:00', 1, 249, 'Klb.', 249000, NULL),
(1275, '2008-10-11 00:00:00', 1, 212, 'Klb.', 212000, NULL),
(1276, '2008-10-12 00:00:00', 1, 197, 'Klb.', 197000, NULL),
(1277, '2008-10-13 00:00:00', 1, 277, 'Klb.', 277000, NULL),
(1278, '2008-10-14 00:00:00', 1, 434, 'Klb.', 434000, NULL),
(1279, '2008-10-15 00:00:00', 1, 319, 'Klb.', 319000, NULL),
(1280, '2008-10-16 00:00:00', 1, 350, 'Klb.', 350000, NULL),
(1281, '2008-10-17 00:00:00', 1, 337, 'Klb.', 337000, NULL),
(1282, '2008-10-18 00:00:00', 1, 318, 'Klb.', 318000, NULL),
(1283, '2008-10-19 00:00:00', 1, 254, 'Klb.', 254000, NULL),
(1284, '2008-10-20 00:00:00', 1, 312, 'Klb.', 312000, NULL),
(1285, '2008-10-21 00:00:00', 1, 367, 'Klb.', 367000, NULL),
(1286, '2008-10-22 00:00:00', 1, 350, 'Klb.', 350000, NULL),
(1287, '2008-10-23 00:00:00', 1, 332, 'Klb.', 332000, NULL),
(1288, '2008-10-24 00:00:00', 1, 328, 'Klb.', 328000, NULL),
(1289, '2008-10-25 00:00:00', 1, 277, 'Klb.', 277000, NULL),
(1290, '2008-10-26 00:00:00', 1, 372, 'Klb.', 372000, NULL),
(1291, '2008-10-27 00:00:00', 1, 415, 'Klb.', 415000, NULL),
(1292, '2008-10-28 00:00:00', 1, 420, 'Klb.', 420000, NULL),
(1293, '2008-10-29 00:00:00', 1, 378, 'Klb.', 378000, NULL),
(1294, '2008-10-30 00:00:00', 1, 268, 'Klb.', 268000, NULL),
(1295, '2008-10-31 00:00:00', 1, 278, 'Klb.', 278000, NULL),
(1296, '2008-11-01 00:00:00', 1, 324, 'Klb.', 324000, NULL),
(1297, '2008-11-02 00:00:00', 1, 273, 'Klb.', 273000, NULL),
(1298, '2008-11-03 00:00:00', 1, 229, 'Klb.', 229000, NULL),
(1299, '2008-11-04 00:00:00', 1, 193, 'Klb.', 193000, NULL),
(1300, '2008-11-05 00:00:00', 1, 201, 'Klb.', 201000, NULL),
(1301, '2008-11-06 00:00:00', 1, 285, 'Klb.', 285000, NULL),
(1302, '2008-11-07 00:00:00', 1, 382, 'Klb.', 382000, NULL),
(1303, '2008-11-08 00:00:00', 1, 412, 'Klb.', 412000, NULL),
(1304, '2008-11-09 00:00:00', 1, 404, 'Klb.', 404000, NULL),
(1305, '2008-11-10 00:00:00', 1, 511, 'Klb.', 511000, NULL),
(1306, '2008-11-11 00:00:00', 1, 464, 'Klb.', 464000, NULL),
(1307, '2008-11-12 00:00:00', 1, 444, 'Klb.', 444000, NULL),
(1308, '2008-11-13 00:00:00', 1, 384, 'Klb.', 384000, NULL),
(1309, '2008-11-14 00:00:00', 1, 419, 'Klb.', 419000, NULL),
(1310, '2008-11-15 00:00:00', 1, 447, 'Klb.', 447000, NULL),
(1311, '2008-11-16 00:00:00', 1, 431, 'Klb.', 431000, NULL),
(1312, '2008-11-17 00:00:00', 1, 527, 'Klb.', 527000, NULL),
(1313, '2008-11-18 00:00:00', 1, 532, 'Klb.', 532000, NULL),
(1314, '2008-11-19 00:00:00', 1, 496, 'Klb.', 496000, NULL),
(1315, '2008-11-20 00:00:00', 1, 562, 'Klb.', 562000, NULL),
(1316, '2008-11-21 00:00:00', 1, 626, 'Klb.', 626000, NULL),
(1317, '2008-11-22 00:00:00', 1, 556, 'Klb.', 556000, NULL),
(1318, '2008-11-23 00:00:00', 1, 505, 'Klb.', 505000, NULL),
(1319, '2008-11-24 00:00:00', 1, 507, 'Klb.', 507000, NULL),
(1320, '2008-11-25 00:00:00', 1, 490, 'Klb.', 490000, NULL),
(1321, '2008-11-26 00:00:00', 1, 437, 'Klb.', 437000, NULL),
(1322, '2008-11-27 00:00:00', 1, 386, 'Klb.', 386000, NULL),
(1323, '2008-11-28 00:00:00', 1, 408, 'Klb.', 408000, NULL),
(1324, '2008-11-29 00:00:00', 1, 423, 'Klb.', 423000, NULL),
(1325, '2008-11-30 00:00:00', 1, 438, 'Klb.', 438000, NULL),
(1326, '2008-12-01 00:00:00', 1, 516, 'Klb.', 516000, NULL),
(1327, '2008-12-02 00:00:00', 1, 460, 'Klb.', 460000, NULL),
(1328, '2008-12-03 00:00:00', 1, 544, 'Klb.', 544000, NULL),
(1329, '2008-12-04 00:00:00', 1, 586, 'Klb.', 586000, NULL),
(1330, '2008-12-05 00:00:00', 1, 583, 'Klb.', 583000, NULL),
(1331, '2008-12-06 00:00:00', 1, 555, 'Klb.', 555000, NULL),
(1332, '2008-12-07 00:00:00', 1, 629, 'Klb.', 629000, NULL),
(1333, '2008-12-08 00:00:00', 1, 585, 'Klb.', 585000, NULL),
(1334, '2008-12-09 00:00:00', 1, 603, 'Klb.', 603000, NULL),
(1335, '2008-12-10 00:00:00', 1, 603, 'Klb.', 603000, NULL),
(1336, '2008-12-11 00:00:00', 1, 610, 'Klb.', 610000, NULL),
(1337, '2008-12-12 00:00:00', 1, 652, 'Klb.', 652000, NULL),
(1338, '2008-12-13 00:00:00', 1, 428, 'Klb.', 428000, NULL),
(1339, '2008-12-14 00:00:00', 1, 513, 'Klb.', 513000, NULL),
(1340, '2008-12-15 00:00:00', 1, 774, 'Klb.', 774000, NULL),
(1341, '2008-12-16 00:00:00', 1, 754, 'Klb.', 754000, NULL),
(1342, '2008-12-17 00:00:00', 1, 670, 'Klb.', 670000, NULL),
(1343, '2008-12-18 00:00:00', 1, 648, 'Klb.', 648000, NULL),
(1344, '2008-12-19 00:00:00', 1, 573, 'Klb.', 573000, NULL),
(1345, '2008-12-20 00:00:00', 1, 574, 'Klb.', 574000, NULL),
(1346, '2008-12-21 00:00:00', 1, 731, 'Klb.', 731000, NULL),
(1347, '2008-12-22 00:00:00', 1, 762, 'Klb.', 762000, NULL),
(1348, '2008-12-23 00:00:00', 1, 592, 'Klb.', 592000, NULL),
(1349, '2008-12-24 00:00:00', 1, 592, 'Klb.', 592000, NULL),
(1350, '2008-12-25 00:00:00', 1, 575, 'Klb.', 575000, NULL),
(1351, '2008-12-26 00:00:00', 1, 405, 'Klb.', 405000, NULL),
(1352, '2008-12-27 00:00:00', 1, 465, 'Klb.', 465000, NULL),
(1353, '2008-12-28 00:00:00', 1, 496, 'Klb.', 496000, NULL),
(1354, '2008-12-29 00:00:00', 1, 489, 'Klb.', 489000, NULL),
(1355, '2008-12-30 00:00:00', 1, 568, 'Klb.', 568000, NULL),
(1356, '2008-12-31 00:00:00', 1, 660, 'Klb.', 660000, NULL),
(1357, '2009-01-01 00:00:00', 2, 529, 'MCF', 534290000, NULL),
(1358, '2009-01-02 00:00:00', 2, 773, 'MCF', 780730000, NULL),
(1359, '2009-01-03 00:00:00', 2, 703, 'MCF', 710030000, NULL),
(1360, '2009-01-04 00:00:00', 2, 851, 'MCF', 859510000, NULL),
(1361, '2009-01-05 00:00:00', 2, 767, 'MCF', 774670000, NULL),
(1362, '2009-01-06 00:00:00', 2, 706, 'MCF', 713060000, NULL),
(1363, '2009-01-07 00:00:00', 2, 805, 'MCF', 813050000, NULL),
(1364, '2009-01-08 00:00:00', 2, 845, 'MCF', 853450000, NULL),
(1365, '2009-01-09 00:00:00', 2, 762, 'MCF', 769620000, NULL),
(1366, '2009-01-10 00:00:00', 2, 749, 'MCF', 756490000, NULL),
(1367, '2009-01-11 00:00:00', 2, 755, 'MCF', 762550000, NULL),
(1368, '2009-01-12 00:00:00', 2, 862, 'MCF', 870620000, NULL),
(1369, '2009-01-13 00:00:00', 2, 376, 'MCF', 379760000, NULL),
(1370, '2009-01-16 00:00:00', 2, 240, 'MCF', 242400000, NULL),
(1371, '2009-01-17 00:00:00', 2, 749, 'MCF', 756490000, NULL),
(1372, '2009-01-18 00:00:00', 2, 688, 'MCF', 694880000, NULL),
(1373, '2009-01-19 00:00:00', 2, 762, 'MCF', 769620000, NULL),
(1374, '2009-01-20 00:00:00', 2, 723, 'MCF', 730230000, NULL),
(1375, '2009-01-21 00:00:00', 2, 692, 'MCF', 698920000, NULL),
(1376, '2009-01-22 00:00:00', 2, 695, 'MCF', 701950000, NULL),
(1377, '2009-01-23 00:00:00', 2, 827, 'MCF', 835270000, NULL),
(1378, '2009-01-24 00:00:00', 2, 957, 'MCF', 966570000, NULL),
(1379, '2009-01-25 00:00:00', 2, 904, 'MCF', 913040000, NULL),
(1380, '2009-01-26 00:00:00', 2, 943, 'MCF', 952430000, NULL),
(1381, '2009-01-27 00:00:00', 2, 888, 'MCF', 896880000, NULL),
(1382, '2009-01-28 00:00:00', 2, 828, 'MCF', 836280000, NULL),
(1383, '2009-01-29 00:00:00', 2, 745, 'MCF', 752450000, NULL),
(1384, '2009-01-30 00:00:00', 2, 821, 'MCF', 829210000, NULL),
(1385, '2009-01-31 00:00:00', 2, 555, 'MCF', 560550000, NULL),
(1386, '2009-02-01 00:00:00', 2, 564, 'MCF', 569640000, NULL),
(1387, '2009-02-02 00:00:00', 2, 794, 'MCF', 801940000, NULL),
(1388, '2009-02-03 00:00:00', 2, 921, 'MCF', 930210000, NULL),
(1389, '2009-02-04 00:00:00', 2, 846, 'MCF', 854460000, NULL),
(1390, '2009-02-05 00:00:00', 2, 687, 'MCF', 693870000, NULL),
(1391, '2009-02-06 00:00:00', 2, 581, 'MCF', 586810000, NULL),
(1392, '2009-02-07 00:00:00', 2, 540, 'MCF', 545400000, NULL),
(1393, '2009-02-08 00:00:00', 2, 559, 'MCF', 564590000, NULL),
(1394, '2009-02-09 00:00:00', 2, 487, 'MCF', 491870000, NULL),
(1395, '2009-02-10 00:00:00', 2, 476, 'MCF', 480760000, NULL),
(1396, '2009-02-11 00:00:00', 2, 529, 'MCF', 534290000, NULL),
(1397, '2009-02-12 00:00:00', 2, 677, 'MCF', 683770000, NULL),
(1398, '2009-02-13 00:00:00', 2, 536, 'MCF', 541360000, NULL),
(1399, '2009-02-14 00:00:00', 2, 658, 'MCF', 664580000, NULL),
(1400, '2009-02-15 00:00:00', 2, 661, 'MCF', 667610000, NULL),
(1401, '2009-02-16 00:00:00', 2, 598, 'MCF', 603980000, NULL),
(1402, '2009-02-17 00:00:00', 2, 526, 'MCF', 531260000, NULL),
(1403, '2009-02-18 00:00:00', 2, 607, 'MCF', 613070000, NULL),
(1404, '2009-02-19 00:00:00', 2, 754, 'MCF', 761540000, NULL),
(1405, '2009-02-20 00:00:00', 2, 674, 'MCF', 680740000, NULL),
(1406, '2009-02-21 00:00:00', 2, 673, 'MCF', 679730000, NULL),
(1407, '2009-02-22 00:00:00', 2, 742, 'MCF', 749420000, NULL),
(1408, '2009-02-23 00:00:00', 2, 735, 'MCF', 742350000, NULL),
(1409, '2009-02-24 00:00:00', 2, 563, 'MCF', 568630000, NULL),
(1410, '2009-02-25 00:00:00', 2, 513, 'MCF', 518130000, NULL),
(1411, '2009-02-26 00:00:00', 2, 570, 'MCF', 575700000, NULL),
(1412, '2009-02-27 00:00:00', 2, 748, 'MCF', 755480000, NULL),
(1413, '2009-02-28 00:00:00', 2, 713, 'MCF', 720130000, NULL),
(1414, '2009-03-01 00:00:00', 2, 744, 'MCF', 751440000, NULL),
(1415, '2009-03-02 00:00:00', 2, 721, 'MCF', 728210000, NULL),
(1416, '2009-03-03 00:00:00', 2, 682, 'MCF', 688820000, NULL),
(1417, '2009-03-04 00:00:00', 2, 519, 'MCF', 524190000, NULL),
(1418, '2009-03-05 00:00:00', 2, 472, 'MCF', 476720000, NULL),
(1419, '2009-03-06 00:00:00', 2, 461, 'MCF', 465610000, NULL),
(1420, '2009-03-07 00:00:00', 2, 485, 'MCF', 489850000, NULL),
(1421, '2009-03-08 00:00:00', 2, 483, 'MCF', 487830000, NULL),
(1422, '2009-03-09 00:00:00', 2, 519, 'MCF', 524190000, NULL),
(1423, '2009-03-10 00:00:00', 2, 542, 'MCF', 547420000, NULL),
(1424, '2009-03-11 00:00:00', 2, 840, 'MCF', 848400000, NULL),
(1425, '2009-03-12 00:00:00', 2, 794, 'MCF', 801940000, NULL),
(1426, '2009-03-13 00:00:00', 2, 577, 'MCF', 582770000, NULL),
(1427, '2009-03-14 00:00:00', 2, 460, 'MCF', 464600000, NULL),
(1428, '2009-03-15 00:00:00', 2, 393, 'MCF', 396930000, NULL),
(1429, '2009-03-16 00:00:00', 2, 329, 'MCF', 332290000, NULL),
(1430, '2009-03-17 00:00:00', 2, 325, 'MCF', 328250000, NULL),
(1431, '2009-03-18 00:00:00', 2, 361, 'MCF', 364610000, NULL),
(1432, '2009-03-19 00:00:00', 2, 426, 'MCF', 430260000, NULL),
(1433, '2009-03-20 00:00:00', 2, 380, 'MCF', 383800000, NULL),
(1434, '2009-03-21 00:00:00', 2, 305, 'MCF', 308050000, NULL),
(1435, '2009-03-22 00:00:00', 2, 285, 'MCF', 287850000, NULL),
(1436, '2009-03-23 00:00:00', 2, 321, 'MCF', 324210000, NULL),
(1437, '2009-03-24 00:00:00', 2, 302, 'MCF', 305020000, NULL),
(1438, '2009-03-25 00:00:00', 2, 415, 'MCF', 419150000, NULL),
(1439, '2009-03-26 00:00:00', 2, 510, 'MCF', 515100000, NULL),
(1440, '2009-03-27 00:00:00', 2, 481, 'MCF', 485810000, NULL),
(1441, '2009-03-28 00:00:00', 2, 470, 'MCF', 474700000, NULL),
(1442, '2009-03-29 00:00:00', 2, 485, 'MCF', 489850000, NULL),
(1443, '2009-03-30 00:00:00', 2, 474, 'MCF', 478740000, NULL),
(1444, '2009-03-31 00:00:00', 2, 437, 'MCF', 441370000, NULL),
(1445, '2009-04-01 00:00:00', 2, 573, 'MCF', 578730000, NULL),
(1446, '2009-04-02 00:00:00', 2, 465, 'MCF', 469650000, NULL),
(1447, '2009-04-03 00:00:00', 2, 452, 'MCF', 456520000, NULL),
(1448, '2009-04-04 00:00:00', 2, 433, 'MCF', 437330000, NULL),
(1449, '2009-04-05 00:00:00', 2, 437, 'MCF', 441370000, NULL),
(1450, '2009-04-06 00:00:00', 2, 480, 'MCF', 484800000, NULL),
(1451, '2009-04-07 00:00:00', 2, 464, 'MCF', 468640000, NULL),
(1452, '2009-04-08 00:00:00', 2, 412, 'MCF', 416120000, NULL),
(1453, '2009-04-09 00:00:00', 2, 413, 'MCF', 417130000, NULL),
(1454, '2009-04-10 00:00:00', 2, 395, 'MCF', 398950000, NULL),
(1455, '2009-04-11 00:00:00', 2, 353, 'MCF', 356530000, NULL),
(1456, '2009-04-12 00:00:00', 2, 321, 'MCF', 324210000, NULL),
(1457, '2009-04-13 00:00:00', 2, 339, 'MCF', 342390000, NULL),
(1458, '2009-04-14 00:00:00', 2, 330, 'MCF', 333300000, NULL),
(1459, '2009-04-15 00:00:00', 2, 318, 'MCF', 321180000, NULL),
(1460, '2009-04-16 00:00:00', 2, 292, 'MCF', 294920000, NULL),
(1461, '2009-04-17 00:00:00', 2, 241, 'MCF', 243410000, NULL),
(1462, '2009-04-18 00:00:00', 2, 245, 'MCF', 247450000, NULL),
(1463, '2009-04-19 00:00:00', 2, 363, 'MCF', 366630000, NULL),
(1464, '2009-04-20 00:00:00', 2, 340, 'MCF', 343400000, NULL),
(1465, '2009-04-21 00:00:00', 2, 337, 'MCF', 340370000, NULL),
(1466, '2009-04-22 00:00:00', 2, 319, 'MCF', 322190000, NULL),
(1467, '2009-04-23 00:00:00', 2, 252, 'MCF', 254520000, NULL),
(1468, '2009-04-24 00:00:00', 2, 240, 'MCF', 242400000, NULL),
(1469, '2009-04-25 00:00:00', 2, 316, 'MCF', 319160000, NULL),
(1470, '2009-04-26 00:00:00', 2, 298, 'MCF', 300980000, NULL),
(1471, '2009-04-27 00:00:00', 2, 358, 'MCF', 361580000, NULL),
(1472, '2009-04-28 00:00:00', 2, 359, 'MCF', 362590000, NULL),
(1473, '2009-04-29 00:00:00', 2, 304, 'MCF', 307040000, NULL),
(1474, '2009-04-30 00:00:00', 2, 264, 'MCF', 266640000, NULL),
(1475, '2009-05-01 00:00:00', 2, 314, 'MCF', 317140000, NULL),
(1476, '2009-05-02 00:00:00', 2, 274, 'MCF', 276740000, NULL),
(1477, '2009-05-03 00:00:00', 2, 271, 'MCF', 273710000, NULL),
(1478, '2009-05-04 00:00:00', 2, 268, 'MCF', 270680000, NULL),
(1479, '2009-05-05 00:00:00', 2, 209, 'MCF', 211090000, NULL),
(1480, '2009-05-06 00:00:00', 2, 213, 'MCF', 215130000, NULL),
(1481, '2009-05-07 00:00:00', 2, 224, 'MCF', 226240000, NULL),
(1482, '2009-05-08 00:00:00', 2, 252, 'MCF', 254520000, NULL),
(1483, '2009-05-09 00:00:00', 2, 278, 'MCF', 280780000, NULL),
(1484, '2009-05-10 00:00:00', 2, 295, 'MCF', 297950000, NULL),
(1485, '2009-05-11 00:00:00', 2, 266, 'MCF', 268660000, NULL),
(1486, '2009-05-12 00:00:00', 2, 222, 'MCF', 224220000, NULL),
(1487, '2009-05-13 00:00:00', 2, 217, 'MCF', 219170000, NULL),
(1488, '2009-05-14 00:00:00', 2, 271, 'MCF', 273710000, NULL),
(1489, '2009-05-15 00:00:00', 2, 226, 'MCF', 228260000, NULL),
(1490, '2009-05-16 00:00:00', 2, 314, 'MCF', 317140000, NULL),
(1491, '2009-05-17 00:00:00', 2, 268, 'MCF', 270680000, NULL),
(1492, '2009-05-18 00:00:00', 2, 227, 'MCF', 229270000, NULL),
(1493, '2009-05-19 00:00:00', 2, 196, 'MCF', 197960000, NULL),
(1494, '2009-05-20 00:00:00', 2, 183, 'MCF', 184830000, NULL),
(1495, '2009-05-21 00:00:00', 2, 199, 'MCF', 200990000, NULL),
(1496, '2009-05-22 00:00:00', 2, 204, 'MCF', 206040000, NULL),
(1497, '2009-05-23 00:00:00', 2, 190, 'MCF', 191900000, NULL),
(1498, '2009-05-24 00:00:00', 2, 214, 'MCF', 216140000, NULL),
(1499, '2009-05-25 00:00:00', 2, 206, 'MCF', 208060000, NULL),
(1500, '2009-05-26 00:00:00', 2, 208, 'MCF', 210080000, NULL),
(1501, '2009-05-27 00:00:00', 2, 263, 'MCF', 265630000, NULL),
(1502, '2009-05-28 00:00:00', 2, 204, 'MCF', 206040000, NULL),
(1503, '2009-05-29 00:00:00', 2, 191, 'MCF', 192910000, NULL),
(1504, '2009-05-30 00:00:00', 2, 166, 'MCF', 167660000, NULL),
(1505, '2009-05-31 00:00:00', 2, 183, 'MCF', 184830000, NULL),
(1506, '2009-06-01 00:00:00', 2, 206, 'MCF', 208060000, NULL),
(1507, '2009-06-02 00:00:00', 2, 210, 'MCF', 212100000, NULL),
(1508, '2009-06-03 00:00:00', 2, 236, 'MCF', 238360000, NULL),
(1509, '2009-06-04 00:00:00', 2, 222, 'MCF', 224220000, NULL),
(1510, '2009-06-05 00:00:00', 2, 201, 'MCF', 203010000, NULL),
(1511, '2009-06-06 00:00:00', 2, 248, 'MCF', 250480000, NULL),
(1512, '2009-06-07 00:00:00', 2, 244, 'MCF', 246440000, NULL),
(1513, '2009-06-08 00:00:00', 2, 235, 'MCF', 237350000, NULL),
(1514, '2009-06-09 00:00:00', 2, 228, 'MCF', 230280000, NULL),
(1515, '2009-06-10 00:00:00', 2, 196, 'MCF', 197960000, NULL),
(1516, '2009-06-11 00:00:00', 2, 202, 'MCF', 204020000, NULL),
(1517, '2009-06-12 00:00:00', 2, 197, 'MCF', 198970000, NULL),
(1518, '2009-06-13 00:00:00', 2, 192, 'MCF', 193920000, NULL),
(1519, '2009-06-14 00:00:00', 2, 151, 'MCF', 152510000, NULL),
(1520, '2009-06-15 00:00:00', 2, 161, 'MCF', 162610000, NULL),
(1521, '2009-06-16 00:00:00', 2, 163, 'MCF', 164630000, NULL),
(1522, '2009-06-17 00:00:00', 2, 161, 'MCF', 162610000, NULL),
(1523, '2009-06-18 00:00:00', 2, 159, 'MCF', 160590000, NULL),
(1524, '2009-06-19 00:00:00', 2, 165, 'MCF', 166650000, NULL),
(1525, '2009-06-20 00:00:00', 2, 157, 'MCF', 158570000, NULL),
(1526, '2009-06-21 00:00:00', 2, 161, 'MCF', 162610000, NULL),
(1527, '2009-06-22 00:00:00', 2, 142, 'MCF', 143420000, NULL),
(1528, '2009-06-23 00:00:00', 2, 167, 'MCF', 168670000, NULL),
(1529, '2009-06-24 00:00:00', 2, 159, 'MCF', 160590000, NULL),
(1530, '2009-06-25 00:00:00', 2, 150, 'MCF', 151500000, NULL),
(1531, '2009-06-26 00:00:00', 2, 148, 'MCF', 149480000, NULL),
(1532, '2009-06-27 00:00:00', 2, 143, 'MCF', 144430000, NULL),
(1533, '2009-06-28 00:00:00', 2, 143, 'MCF', 144430000, NULL),
(1534, '2009-06-29 00:00:00', 2, 158, 'MCF', 159580000, NULL),
(1535, '2009-06-30 00:00:00', 2, 163, 'MCF', 164630000, NULL),
(1536, '2009-07-01 00:00:00', 2, 164, 'MCF', 165640000, NULL),
(1537, '2009-07-02 00:00:00', 2, 164, 'MCF', 165640000, NULL),
(1538, '2009-07-03 00:00:00', 2, 153, 'MCF', 154530000, NULL),
(1539, '2009-07-04 00:00:00', 2, 151, 'MCF', 152510000, NULL),
(1540, '2009-07-05 00:00:00', 2, 152, 'MCF', 153520000, NULL),
(1541, '2009-07-06 00:00:00', 2, 160, 'MCF', 161600000, NULL),
(1542, '2009-07-07 00:00:00', 2, 143, 'MCF', 144430000, NULL),
(1543, '2009-07-08 00:00:00', 2, 146, 'MCF', 147460000, NULL),
(1544, '2009-07-09 00:00:00', 2, 143, 'MCF', 144430000, NULL),
(1545, '2009-07-10 00:00:00', 2, 139, 'MCF', 140390000, NULL),
(1546, '2009-07-11 00:00:00', 2, 139, 'MCF', 140390000, NULL),
(1547, '2009-07-12 00:00:00', 2, 144, 'MCF', 145440000, NULL),
(1548, '2009-07-13 00:00:00', 2, 150, 'MCF', 151500000, NULL),
(1549, '2009-07-14 00:00:00', 2, 144, 'MCF', 145440000, NULL),
(1550, '2009-07-15 00:00:00', 2, 147, 'MCF', 148470000, NULL),
(1551, '2009-07-16 00:00:00', 2, 155, 'MCF', 156550000, NULL),
(1552, '2009-07-17 00:00:00', 2, 152, 'MCF', 153520000, NULL),
(1553, '2009-07-18 00:00:00', 2, 159, 'MCF', 160590000, NULL),
(1554, '2009-07-19 00:00:00', 2, 154, 'MCF', 155540000, NULL),
(1555, '2009-07-20 00:00:00', 2, 150, 'MCF', 151500000, NULL),
(1556, '2009-07-21 00:00:00', 2, 150, 'MCF', 151500000, NULL),
(1557, '2009-07-22 00:00:00', 2, 154, 'MCF', 155540000, NULL),
(1558, '2009-07-23 00:00:00', 2, 149, 'MCF', 150490000, NULL),
(1559, '2009-07-24 00:00:00', 2, 145, 'MCF', 146450000, NULL),
(1560, '2009-07-25 00:00:00', 2, 146, 'MCF', 147460000, NULL),
(1561, '2009-07-26 00:00:00', 2, 142, 'MCF', 143420000, NULL),
(1562, '2009-07-27 00:00:00', 2, 143, 'MCF', 144430000, NULL),
(1563, '2009-07-28 00:00:00', 2, 154, 'MCF', 155540000, NULL),
(1564, '2009-07-29 00:00:00', 2, 156, 'MCF', 157560000, NULL),
(1565, '2009-07-30 00:00:00', 2, 153, 'MCF', 154530000, NULL),
(1566, '2009-07-31 00:00:00', 2, 145, 'MCF', 146450000, NULL),
(1567, '2009-08-01 00:00:00', 2, 144, 'MCF', 145440000, NULL),
(1568, '2009-08-02 00:00:00', 2, 140, 'MCF', 141400000, NULL),
(1569, '2009-08-03 00:00:00', 2, 141, 'MCF', 142410000, NULL),
(1570, '2009-08-04 00:00:00', 2, 147, 'MCF', 148470000, NULL),
(1571, '2009-08-05 00:00:00', 2, 167, 'MCF', 168670000, NULL),
(1572, '2009-08-06 00:00:00', 2, 162, 'MCF', 163620000, NULL),
(1573, '2009-08-07 00:00:00', 2, 165, 'MCF', 166650000, NULL),
(1574, '2009-08-12 00:00:00', 2, 69, 'MCF', 69690000, NULL),
(1575, '2009-08-13 00:00:00', 2, 150, 'MCF', 151500000, NULL),
(1576, '2009-08-14 00:00:00', 2, 139, 'MCF', 140390000, NULL),
(1577, '2009-08-15 00:00:00', 2, 136, 'MCF', 137360000, NULL),
(1578, '2009-08-16 00:00:00', 2, 135, 'MCF', 136350000, NULL),
(1579, '2009-08-17 00:00:00', 2, 142, 'MCF', 143420000, NULL),
(1580, '2009-08-18 00:00:00', 2, 151, 'MCF', 152510000, NULL),
(1581, '2009-08-19 00:00:00', 2, 150, 'MCF', 151500000, NULL),
(1582, '2009-08-20 00:00:00', 2, 143, 'MCF', 144430000, NULL),
(1583, '2009-08-21 00:00:00', 2, 157, 'MCF', 158570000, NULL),
(1584, '2009-08-22 00:00:00', 2, 154, 'MCF', 155540000, NULL),
(1585, '2009-08-23 00:00:00', 2, 148, 'MCF', 149480000, NULL),
(1586, '2009-08-24 00:00:00', 2, 144, 'MCF', 145440000, NULL),
(1587, '2009-08-25 00:00:00', 2, 145, 'MCF', 146450000, NULL),
(1588, '2009-08-26 00:00:00', 2, 148, 'MCF', 149480000, NULL),
(1589, '2009-08-27 00:00:00', 2, 154, 'MCF', 155540000, NULL),
(1590, '2009-08-28 00:00:00', 2, 171, 'MCF', 172710000, NULL),
(1591, '2009-08-29 00:00:00', 2, 167, 'MCF', 168670000, NULL),
(1592, '2009-08-30 00:00:00', 2, 179, 'MCF', 180790000, NULL),
(1593, '2009-08-31 00:00:00', 2, 199, 'MCF', 200990000, NULL),
(1594, '2009-09-01 00:00:00', 2, 195, 'MCF', 196950000, NULL),
(1595, '2009-09-02 00:00:00', 2, 176, 'MCF', 177760000, NULL),
(1596, '2009-09-03 00:00:00', 2, 177, 'MCF', 178770000, NULL),
(1597, '2009-09-04 00:00:00', 2, 183, 'MCF', 184830000, NULL),
(1598, '2009-09-05 00:00:00', 2, 173, 'MCF', 174730000, NULL),
(1599, '2009-09-06 00:00:00', 2, 162, 'MCF', 163620000, NULL),
(1600, '2009-09-07 00:00:00', 2, 167, 'MCF', 168670000, NULL),
(1601, '2009-09-08 00:00:00', 2, 167, 'MCF', 168670000, NULL),
(1602, '2009-09-09 00:00:00', 2, 167, 'MCF', 168670000, NULL),
(1603, '2009-09-10 00:00:00', 2, 165, 'MCF', 166650000, NULL),
(1604, '2009-09-11 00:00:00', 2, 166, 'MCF', 167660000, NULL),
(1605, '2009-09-12 00:00:00', 2, 160, 'MCF', 161600000, NULL),
(1606, '2009-09-13 00:00:00', 2, 163, 'MCF', 164630000, NULL),
(1607, '2009-09-14 00:00:00', 2, 177, 'MCF', 178770000, NULL),
(1608, '2009-09-15 00:00:00', 2, 188, 'MCF', 189880000, NULL),
(1609, '2009-09-16 00:00:00', 2, 176, 'MCF', 177760000, NULL),
(1610, '2009-09-17 00:00:00', 2, 173, 'MCF', 174730000, NULL),
(1611, '2009-09-18 00:00:00', 2, 171, 'MCF', 172710000, NULL),
(1612, '2009-09-19 00:00:00', 2, 162, 'MCF', 163620000, NULL),
(1613, '2009-09-20 00:00:00', 2, 165, 'MCF', 166650000, NULL),
(1614, '2009-09-21 00:00:00', 2, 175, 'MCF', 176750000, NULL),
(1615, '2009-09-22 00:00:00', 2, 179, 'MCF', 180790000, NULL),
(1616, '2009-09-23 00:00:00', 2, 181, 'MCF', 182810000, NULL),
(1617, '2009-09-24 00:00:00', 2, 181, 'MCF', 182810000, NULL),
(1618, '2009-09-25 00:00:00', 2, 183, 'MCF', 184830000, NULL),
(1619, '2009-09-26 00:00:00', 2, 201, 'MCF', 203010000, NULL),
(1620, '2009-09-27 00:00:00', 2, 199, 'MCF', 200990000, NULL),
(1621, '2009-09-28 00:00:00', 2, 250, 'MCF', 252500000, NULL),
(1622, '2009-09-29 00:00:00', 2, 316, 'MCF', 319160000, NULL),
(1623, '2009-09-30 00:00:00', 2, 324, 'MCF', 327240000, NULL),
(1624, '2009-10-01 00:00:00', 2, 321, 'MCF', 324210000, NULL),
(1625, '2009-10-02 00:00:00', 2, 321, 'MCF', 324210000, NULL),
(1626, '2009-10-03 00:00:00', 2, 323, 'MCF', 326230000, NULL),
(1627, '2009-10-04 00:00:00', 2, 318, 'MCF', 321180000, NULL),
(1628, '2009-10-05 00:00:00', 2, 343, 'MCF', 346430000, NULL),
(1629, '2009-10-06 00:00:00', 2, 374, 'MCF', 377740000, NULL),
(1630, '2009-10-07 00:00:00', 2, 314, 'MCF', 317140000, NULL),
(1631, '2009-10-08 00:00:00', 2, 363, 'MCF', 366630000, NULL),
(1632, '2009-10-09 00:00:00', 2, 393, 'MCF', 396930000, NULL),
(1633, '2009-10-10 00:00:00', 2, 433, 'MCF', 437330000, NULL),
(1634, '2009-10-11 00:00:00', 2, 423, 'MCF', 427230000, NULL),
(1635, '2009-10-12 00:00:00', 2, 466, 'MCF', 470660000, NULL),
(1636, '2009-10-13 00:00:00', 2, 461, 'MCF', 465610000, NULL),
(1637, '2009-10-14 00:00:00', 2, 418, 'MCF', 422180000, NULL),
(1638, '2009-10-15 00:00:00', 2, 412, 'MCF', 416120000, NULL),
(1639, '2009-10-16 00:00:00', 2, 408, 'MCF', 412080000, NULL),
(1640, '2009-10-17 00:00:00', 2, 369, 'MCF', 372690000, NULL),
(1641, '2009-10-18 00:00:00', 2, 303, 'MCF', 306030000, NULL),
(1642, '2009-10-19 00:00:00', 2, 300, 'MCF', 303000000, NULL),
(1643, '2009-10-20 00:00:00', 2, 324, 'MCF', 327240000, NULL),
(1644, '2009-10-21 00:00:00', 2, 331, 'MCF', 334310000, NULL),
(1645, '2009-10-22 00:00:00', 2, 399, 'MCF', 402990000, NULL),
(1646, '2009-10-23 00:00:00', 2, 422, 'MCF', 426220000, NULL),
(1647, '2009-10-24 00:00:00', 2, 352, 'MCF', 355520000, NULL),
(1648, '2009-10-25 00:00:00', 2, 359, 'MCF', 362590000, NULL),
(1649, '2009-10-26 00:00:00', 2, 373, 'MCF', 376730000, NULL),
(1650, '2009-10-27 00:00:00', 2, 364, 'MCF', 367640000, NULL),
(1651, '2009-10-28 00:00:00', 2, 344, 'MCF', 347440000, NULL),
(1652, '2009-10-29 00:00:00', 2, 293, 'MCF', 295930000, NULL),
(1653, '2009-10-30 00:00:00', 2, 310, 'MCF', 313100000, NULL),
(1654, '2009-10-31 00:00:00', 2, 391, 'MCF', 394910000, NULL),
(1655, '2009-11-01 00:00:00', 2, 346, 'MCF', 349460000, NULL),
(1656, '2009-11-02 00:00:00', 2, 376, 'MCF', 379760000, NULL),
(1657, '2009-11-03 00:00:00', 2, 421, 'MCF', 425210000, NULL),
(1658, '2009-11-04 00:00:00', 2, 414, 'MCF', 418140000, NULL),
(1659, '2009-11-05 00:00:00', 2, 377, 'MCF', 380770000, NULL),
(1660, '2009-11-06 00:00:00', 2, 278, 'MCF', 280780000, NULL),
(1661, '2009-11-07 00:00:00', 2, 281, 'MCF', 283810000, NULL),
(1662, '2009-11-08 00:00:00', 2, 277, 'MCF', 279770000, NULL),
(1663, '2009-11-09 00:00:00', 2, 334, 'MCF', 337340000, NULL),
(1664, '2009-11-10 00:00:00', 2, 352, 'MCF', 355520000, NULL),
(1665, '2009-11-11 00:00:00', 2, 334, 'MCF', 337340000, NULL),
(1666, '2009-11-12 00:00:00', 2, 317, 'MCF', 320170000, NULL),
(1667, '2009-11-13 00:00:00', 2, 296, 'MCF', 298960000, NULL),
(1668, '2009-11-14 00:00:00', 2, 347, 'MCF', 350470000, NULL),
(1669, '2009-11-15 00:00:00', 2, 410, 'MCF', 414100000, NULL),
(1670, '2009-11-16 00:00:00', 2, 443, 'MCF', 447430000, NULL),
(1671, '2009-11-17 00:00:00', 2, 443, 'MCF', 447430000, NULL),
(1672, '2009-11-18 00:00:00', 2, 411, 'MCF', 415110000, NULL),
(1673, '2009-11-19 00:00:00', 2, 363, 'MCF', 366630000, NULL),
(1674, '2009-11-20 00:00:00', 2, 371, 'MCF', 374710000, NULL),
(1675, '2009-11-21 00:00:00', 2, 380, 'MCF', 383800000, NULL),
(1676, '2009-11-22 00:00:00', 2, 283, 'MCF', 285830000, NULL),
(1677, '2009-11-23 00:00:00', 2, 300, 'MCF', 303000000, NULL),
(1678, '2009-11-24 00:00:00', 2, 326, 'MCF', 329260000, NULL),
(1679, '2009-11-25 00:00:00', 2, 343, 'MCF', 346430000, NULL),
(1680, '2009-11-26 00:00:00', 2, 358, 'MCF', 361580000, NULL),
(1681, '2009-11-27 00:00:00', 2, 365, 'MCF', 368650000, NULL),
(1682, '2009-11-28 00:00:00', 2, 343, 'MCF', 346430000, NULL),
(1683, '2009-11-29 00:00:00', 2, 353, 'MCF', 356530000, NULL),
(1684, '2009-11-30 00:00:00', 2, 381, 'MCF', 384810000, NULL),
(1685, '2009-12-01 00:00:00', 2, 371, 'MCF', 374710000, NULL),
(1686, '2009-12-02 00:00:00', 2, 411, 'MCF', 415110000, NULL),
(1687, '2009-12-03 00:00:00', 2, 477, 'MCF', 481770000, NULL),
(1688, '2009-12-04 00:00:00', 2, 537, 'MCF', 542370000, NULL),
(1689, '2009-12-05 00:00:00', 2, 503, 'MCF', 508030000, NULL),
(1690, '2009-12-06 00:00:00', 2, 495, 'MCF', 499950000, NULL),
(1691, '2009-12-07 00:00:00', 2, 559, 'MCF', 564590000, NULL),
(1692, '2009-12-08 00:00:00', 2, 576, 'MCF', 581760000, NULL),
(1693, '2009-12-09 00:00:00', 2, 488, 'MCF', 492880000, NULL),
(1694, '2009-12-10 00:00:00', 2, 699, 'MCF', 705990000, NULL),
(1695, '2009-12-11 00:00:00', 2, 690, 'MCF', 696900000, NULL),
(1696, '2009-12-12 00:00:00', 2, 541, 'MCF', 546410000, NULL),
(1697, '2009-12-13 00:00:00', 2, 544, 'MCF', 549440000, NULL),
(1698, '2009-12-14 00:00:00', 2, 655, 'MCF', 661550000, NULL),
(1699, '2009-12-15 00:00:00', 2, 249, 'MCF', 251490000, NULL);
INSERT INTO `EnergyData` (`EnergyDataID`, `Date`, `MeterID`, `MeasuredValue`, `Unit`, `BTUConversion`, `Cost`) VALUES
(1700, '2009-12-16 00:00:00', 2, 405, 'MCF', 409050000, NULL),
(1701, '2009-12-17 00:00:00', 2, 640, 'MCF', 646400000, NULL),
(1702, '2009-12-18 00:00:00', 2, 617, 'MCF', 623170000, NULL),
(1703, '2009-12-19 00:00:00', 2, 529, 'MCF', 534290000, NULL),
(1704, '2009-12-20 00:00:00', 2, 517, 'MCF', 522170000, NULL),
(1705, '2009-12-21 00:00:00', 2, 549, 'MCF', 554490000, NULL),
(1706, '2009-12-22 00:00:00', 2, 516, 'MCF', 521160000, NULL),
(1707, '2009-12-23 00:00:00', 2, 489, 'MCF', 493890000, NULL),
(1708, '2009-12-24 00:00:00', 2, 416, 'MCF', 420160000, NULL),
(1709, '2009-12-25 00:00:00', 2, 402, 'MCF', 406020000, NULL),
(1710, '2009-12-26 00:00:00', 2, 515, 'MCF', 520150000, NULL),
(1711, '2009-12-27 00:00:00', 2, 526, 'MCF', 531260000, NULL),
(1712, '2009-12-28 00:00:00', 2, 560, 'MCF', 565600000, NULL),
(1713, '2009-12-29 00:00:00', 2, 657, 'MCF', 663570000, NULL),
(1714, '2009-12-30 00:00:00', 2, 588, 'MCF', 593880000, NULL),
(1715, '2009-12-31 00:00:00', 2, 711, 'MCF', 718110000, NULL),
(1716, '2010-01-01 00:00:00', 2, 264, 'MCF', 266640000, NULL),
(1717, '2010-01-06 00:00:00', 2, 527, 'MCF', 532270000, NULL),
(1718, '2010-01-07 00:00:00', 2, 802, 'MCF', 810020000, NULL),
(1719, '2010-01-08 00:00:00', 2, 862, 'MCF', 870620000, NULL),
(1720, '2010-01-09 00:00:00', 2, 891, 'MCF', 899910000, NULL),
(1721, '2010-01-10 00:00:00', 2, 766, 'MCF', 773660000, NULL),
(1722, '2010-01-11 00:00:00', 2, 718, 'MCF', 725180000, NULL),
(1723, '2010-01-12 00:00:00', 2, 704, 'MCF', 711040000, NULL),
(1724, '2010-01-13 00:00:00', 2, 619, 'MCF', 625190000, NULL),
(1725, '2010-01-14 00:00:00', 2, 597, 'MCF', 602970000, NULL),
(1726, '2010-01-15 00:00:00', 2, 567, 'MCF', 572670000, NULL),
(1727, '2010-01-16 00:00:00', 2, 534, 'MCF', 539340000, NULL),
(1728, '2010-01-17 00:00:00', 2, 525, 'MCF', 530250000, NULL),
(1729, '2010-01-18 00:00:00', 2, 606, 'MCF', 612060000, NULL),
(1730, '2010-01-19 00:00:00', 2, 653, 'MCF', 659530000, NULL),
(1731, '2010-01-20 00:00:00', 2, 615, 'MCF', 621150000, NULL),
(1732, '2010-01-21 00:00:00', 2, 529, 'MCF', 534290000, NULL),
(1733, '2010-01-22 00:00:00', 2, 514, 'MCF', 519140000, NULL),
(1734, '2010-01-23 00:00:00', 2, 467, 'MCF', 471670000, NULL),
(1735, '2010-01-24 00:00:00', 2, 472, 'MCF', 476720000, NULL),
(1736, '2010-01-25 00:00:00', 2, 600, 'MCF', 606000000, NULL),
(1737, '2010-01-26 00:00:00', 2, 759, 'MCF', 766590000, NULL),
(1738, '2010-01-27 00:00:00', 2, 788, 'MCF', 795880000, NULL),
(1739, '2010-01-28 00:00:00', 2, 861, 'MCF', 869610000, NULL),
(1740, '2010-01-29 00:00:00', 2, 847, 'MCF', 855470000, NULL),
(1741, '2010-01-30 00:00:00', 2, 731, 'MCF', 738310000, NULL),
(1742, '2010-01-31 00:00:00', 2, 764, 'MCF', 771640000, NULL),
(1743, '2010-02-01 00:00:00', 2, 715, 'MCF', 722150000, NULL),
(1744, '2010-02-02 00:00:00', 2, 718, 'MCF', 725180000, NULL),
(1745, '2010-02-03 00:00:00', 2, 692, 'MCF', 698920000, NULL),
(1746, '2010-02-04 00:00:00', 2, 584, 'MCF', 589840000, NULL),
(1747, '2010-02-05 00:00:00', 2, 536, 'MCF', 541360000, NULL),
(1748, '2010-02-06 00:00:00', 2, 567, 'MCF', 572670000, NULL),
(1749, '2010-02-07 00:00:00', 2, 584, 'MCF', 589840000, NULL),
(1750, '2010-02-08 00:00:00', 2, 596, 'MCF', 601960000, NULL),
(1751, '2010-02-09 00:00:00', 2, 612, 'MCF', 618120000, NULL),
(1752, '2010-02-10 00:00:00', 2, 708, 'MCF', 715080000, NULL),
(1753, '2010-02-11 00:00:00', 2, 730, 'MCF', 737300000, NULL),
(1754, '2010-02-12 00:00:00', 2, 681, 'MCF', 687810000, NULL),
(1755, '2010-02-13 00:00:00', 2, 655, 'MCF', 661550000, NULL),
(1756, '2010-02-14 00:00:00', 2, 676, 'MCF', 682760000, NULL),
(1757, '2010-02-15 00:00:00', 2, 593, 'MCF', 598930000, NULL),
(1758, '2010-02-16 00:00:00', 2, 574, 'MCF', 579740000, NULL),
(1759, '2010-02-17 00:00:00', 2, 596, 'MCF', 601960000, NULL),
(1760, '2010-02-18 00:00:00', 2, 650, 'MCF', 656500000, NULL),
(1761, '2010-02-19 00:00:00', 2, 636, 'MCF', 642360000, NULL),
(1762, '2010-02-20 00:00:00', 2, 554, 'MCF', 559540000, NULL),
(1763, '2010-02-21 00:00:00', 2, 571, 'MCF', 576710000, NULL),
(1764, '2010-02-22 00:00:00', 2, 587, 'MCF', 592870000, NULL),
(1765, '2010-02-23 00:00:00', 2, 669, 'MCF', 675690000, NULL),
(1766, '2010-02-24 00:00:00', 2, 735, 'MCF', 742350000, NULL),
(1767, '2010-02-25 00:00:00', 2, 791, 'MCF', 798910000, NULL),
(1768, '2010-02-26 00:00:00', 2, 673, 'MCF', 679730000, NULL),
(1769, '2010-02-27 00:00:00', 2, 594, 'MCF', 599940000, NULL),
(1770, '2010-02-28 00:00:00', 2, 561, 'MCF', 566610000, NULL),
(1771, '2010-03-01 00:00:00', 2, 552, 'MCF', 557520000, NULL),
(1772, '2010-03-02 00:00:00', 2, 537, 'MCF', 542370000, NULL),
(1773, '2010-03-03 00:00:00', 2, 527, 'MCF', 532270000, NULL),
(1774, '2010-03-04 00:00:00', 2, 503, 'MCF', 508030000, NULL),
(1775, '2010-03-05 00:00:00', 2, 489, 'MCF', 493890000, NULL),
(1776, '2010-03-06 00:00:00', 2, 471, 'MCF', 475710000, NULL),
(1777, '2010-03-07 00:00:00', 2, 417, 'MCF', 421170000, NULL),
(1778, '2010-03-08 00:00:00', 2, 453, 'MCF', 457530000, NULL),
(1779, '2010-03-09 00:00:00', 2, 436, 'MCF', 440360000, NULL),
(1780, '2010-03-10 00:00:00', 2, 440, 'MCF', 444400000, NULL),
(1781, '2010-03-11 00:00:00', 2, 436, 'MCF', 440360000, NULL),
(1782, '2010-03-12 00:00:00', 2, 418, 'MCF', 422180000, NULL),
(1783, '2010-03-13 00:00:00', 2, 414, 'MCF', 418140000, NULL),
(1784, '2010-03-14 00:00:00', 2, 331, 'MCF', 334310000, NULL),
(1785, '2010-03-15 00:00:00', 2, 353, 'MCF', 356530000, NULL),
(1786, '2010-03-16 00:00:00', 2, 355, 'MCF', 358550000, NULL),
(1787, '2010-03-17 00:00:00', 2, 320, 'MCF', 323200000, NULL),
(1788, '2010-03-18 00:00:00', 2, 279, 'MCF', 281790000, NULL),
(1789, '2010-03-19 00:00:00', 2, 377, 'MCF', 380770000, NULL),
(1790, '2010-03-20 00:00:00', 2, 401, 'MCF', 405010000, NULL),
(1791, '2010-03-21 00:00:00', 2, 385, 'MCF', 388850000, NULL),
(1792, '2010-03-22 00:00:00', 2, 352, 'MCF', 355520000, NULL),
(1793, '2010-03-23 00:00:00', 2, 325, 'MCF', 328250000, NULL),
(1794, '2010-03-24 00:00:00', 2, 305, 'MCF', 308050000, NULL),
(1795, '2010-03-25 00:00:00', 2, 447, 'MCF', 451470000, NULL),
(1796, '2010-03-26 00:00:00', 2, 382, 'MCF', 385820000, NULL),
(1797, '2010-03-27 00:00:00', 2, 341, 'MCF', 344410000, NULL),
(1798, '2010-03-28 00:00:00', 2, 371, 'MCF', 374710000, NULL),
(1799, '2010-03-29 00:00:00', 2, 370, 'MCF', 373700000, NULL),
(1800, '2010-03-30 00:00:00', 2, 262, 'MCF', 264620000, NULL),
(1801, '2010-03-31 00:00:00', 2, 265, 'MCF', 267650000, NULL),
(1802, '2010-04-01 00:00:00', 2, 270, 'MCF', 272700000, NULL),
(1803, '2010-04-02 00:00:00', 2, 246, 'MCF', 248460000, NULL),
(1804, '2010-04-03 00:00:00', 2, 319, 'MCF', 322190000, NULL),
(1805, '2010-04-04 00:00:00', 2, 255, 'MCF', 257550000, NULL),
(1806, '2010-04-05 00:00:00', 2, 301, 'MCF', 304010000, NULL),
(1807, '2010-04-06 00:00:00', 2, 345, 'MCF', 348450000, NULL),
(1808, '2010-04-07 00:00:00', 2, 368, 'MCF', 371680000, NULL),
(1809, '2010-04-08 00:00:00', 2, 393, 'MCF', 396930000, NULL),
(1810, '2010-04-09 00:00:00', 2, 340, 'MCF', 343400000, NULL),
(1811, '2010-04-10 00:00:00', 2, 293, 'MCF', 295930000, NULL),
(1812, '2010-04-11 00:00:00', 2, 289, 'MCF', 291890000, NULL),
(1813, '2010-04-12 00:00:00', 2, 279, 'MCF', 281790000, NULL),
(1814, '2010-04-13 00:00:00', 2, 243, 'MCF', 245430000, NULL),
(1815, '2010-04-14 00:00:00', 2, 232, 'MCF', 234320000, NULL),
(1816, '2010-04-15 00:00:00', 2, 224, 'MCF', 226240000, NULL),
(1817, '2010-04-16 00:00:00', 2, 292, 'MCF', 294920000, NULL),
(1818, '2010-04-17 00:00:00', 2, 284, 'MCF', 286840000, NULL),
(1819, '2010-04-18 00:00:00', 2, 274, 'MCF', 276740000, NULL),
(1820, '2010-04-19 00:00:00', 2, 274, 'MCF', 276740000, NULL),
(1821, '2010-04-20 00:00:00', 2, 270, 'MCF', 272700000, NULL),
(1822, '2010-04-21 00:00:00', 2, 290, 'MCF', 292900000, NULL),
(1823, '2010-04-22 00:00:00', 2, 303, 'MCF', 306030000, NULL),
(1824, '2010-04-23 00:00:00', 2, 255, 'MCF', 257550000, NULL),
(1825, '2010-04-24 00:00:00', 2, 246, 'MCF', 248460000, NULL),
(1826, '2010-04-25 00:00:00', 2, 252, 'MCF', 254520000, NULL),
(1827, '2010-04-26 00:00:00', 2, 278, 'MCF', 280780000, NULL),
(1828, '2010-04-27 00:00:00', 2, 308, 'MCF', 311080000, NULL),
(1829, '2010-04-28 00:00:00', 2, 281, 'MCF', 283810000, NULL),
(1830, '2010-04-29 00:00:00', 2, 203, 'MCF', 205030000, NULL),
(1831, '2010-04-30 00:00:00', 2, 206, 'MCF', 208060000, NULL),
(1832, '2010-07-01 00:00:00', 2, 152, 'MCF', 153520000, NULL),
(1833, '2010-07-02 00:00:00', 2, 145, 'MCF', 146450000, NULL),
(1834, '2010-07-03 00:00:00', 2, 142, 'MCF', 143420000, NULL),
(1835, '2010-07-04 00:00:00', 2, 140, 'MCF', 141400000, NULL),
(1836, '2010-07-05 00:00:00', 2, 141, 'MCF', 142410000, NULL),
(1837, '2010-07-06 00:00:00', 2, 143, 'MCF', 144430000, NULL),
(1838, '2010-07-07 00:00:00', 2, 146, 'MCF', 147460000, NULL),
(1839, '2010-07-08 00:00:00', 2, 147, 'MCF', 148470000, NULL),
(1840, '2010-07-09 00:00:00', 2, 145, 'MCF', 146450000, NULL),
(1841, '2010-07-10 00:00:00', 2, 145, 'MCF', 146450000, NULL),
(1842, '2010-07-11 00:00:00', 2, 146, 'MCF', 147460000, NULL),
(1843, '2010-07-12 00:00:00', 2, 151, 'MCF', 152510000, NULL),
(1844, '2010-07-13 00:00:00', 2, 152, 'MCF', 153520000, NULL),
(1845, '2010-07-14 00:00:00', 2, 147, 'MCF', 148470000, NULL),
(1846, '2010-07-15 00:00:00', 2, 150, 'MCF', 151500000, NULL),
(1847, '2010-07-16 00:00:00', 2, 151, 'MCF', 152510000, NULL),
(1848, '2010-07-17 00:00:00', 2, 146, 'MCF', 147460000, NULL),
(1849, '2010-07-18 00:00:00', 2, 154, 'MCF', 155540000, NULL),
(1850, '2010-07-19 00:00:00', 2, 156, 'MCF', 157560000, NULL),
(1851, '2010-07-20 00:00:00', 2, 153, 'MCF', 154530000, NULL),
(1852, '2010-07-21 00:00:00', 2, 151, 'MCF', 152510000, NULL),
(1853, '2010-07-22 00:00:00', 2, 147, 'MCF', 148470000, NULL),
(1854, '2010-07-23 00:00:00', 2, 150, 'MCF', 151500000, NULL),
(1855, '2010-07-24 00:00:00', 2, 148, 'MCF', 149480000, NULL),
(1856, '2010-07-25 00:00:00', 2, 147, 'MCF', 148470000, NULL),
(1857, '2010-07-26 00:00:00', 2, 149, 'MCF', 150490000, NULL),
(1858, '2010-07-27 00:00:00', 2, 146, 'MCF', 147460000, NULL),
(1859, '2010-07-28 00:00:00', 2, 151, 'MCF', 152510000, NULL),
(1860, '2010-08-01 00:00:00', 2, 144, 'MCF', 145440000, NULL),
(1861, '2010-08-02 00:00:00', 2, 146, 'MCF', 147460000, NULL),
(1862, '2010-08-03 00:00:00', 2, 147, 'MCF', 148470000, NULL),
(1863, '2010-08-04 00:00:00', 2, 148, 'MCF', 149480000, NULL),
(1864, '2010-08-05 00:00:00', 2, 155, 'MCF', 156550000, NULL),
(1865, '2010-08-06 00:00:00', 2, 153, 'MCF', 154530000, NULL),
(1866, '2010-08-07 00:00:00', 2, 148, 'MCF', 149480000, NULL),
(1867, '2010-08-11 00:00:00', 2, 17, 'MCF', 17170000, NULL),
(1868, '2010-08-12 00:00:00', 2, 152, 'MCF', 153520000, NULL),
(1869, '2010-08-13 00:00:00', 2, 142, 'MCF', 143420000, NULL),
(1870, '2010-08-14 00:00:00', 2, 136, 'MCF', 137360000, NULL),
(1871, '2010-08-15 00:00:00', 2, 137, 'MCF', 138370000, NULL),
(1872, '2010-08-16 00:00:00', 2, 147, 'MCF', 148470000, NULL),
(1873, '2010-08-17 00:00:00', 2, 161, 'MCF', 162610000, NULL),
(1874, '2010-08-18 00:00:00', 2, 168, 'MCF', 169680000, NULL),
(1875, '2010-08-19 00:00:00', 2, 163, 'MCF', 164630000, NULL),
(1876, '2010-08-20 00:00:00', 2, 163, 'MCF', 164630000, NULL),
(1877, '2010-08-21 00:00:00', 2, 156, 'MCF', 157560000, NULL),
(1878, '2010-08-22 00:00:00', 2, 145, 'MCF', 146450000, NULL),
(1879, '2010-08-23 00:00:00', 2, 149, 'MCF', 150490000, NULL),
(1880, '2010-08-24 00:00:00', 2, 152, 'MCF', 153520000, NULL),
(1881, '2010-08-25 00:00:00', 2, 169, 'MCF', 170690000, NULL),
(1882, '2010-08-26 00:00:00', 2, 180, 'MCF', 181800000, NULL),
(1883, '2010-08-27 00:00:00', 2, 157, 'MCF', 158570000, NULL),
(1884, '2010-08-28 00:00:00', 2, 156, 'MCF', 157560000, NULL),
(1885, '2010-08-29 00:00:00', 2, 150, 'MCF', 151500000, NULL),
(1886, '2010-08-30 00:00:00', 2, 157, 'MCF', 158570000, NULL),
(1887, '2010-08-31 00:00:00', 2, 153, 'MCF', 154530000, NULL),
(1888, '2010-09-01 00:00:00', 2, 155, 'MCF', 156550000, NULL),
(1889, '2010-09-02 00:00:00', 2, 158, 'MCF', 159580000, NULL),
(1890, '2010-09-03 00:00:00', 2, 172, 'MCF', 173720000, NULL),
(1891, '2010-09-04 00:00:00', 2, 181, 'MCF', 182810000, NULL),
(1892, '2010-09-05 00:00:00', 2, 169, 'MCF', 170690000, NULL),
(1893, '2010-09-06 00:00:00', 2, 153, 'MCF', 154530000, NULL),
(1894, '2010-09-07 00:00:00', 2, 176, 'MCF', 177760000, NULL),
(1895, '2010-09-08 00:00:00', 2, 220, 'MCF', 222200000, NULL),
(1896, '2010-09-09 00:00:00', 2, 208, 'MCF', 210080000, NULL),
(1897, '2010-09-10 00:00:00', 2, 188, 'MCF', 189880000, NULL),
(1898, '2010-09-11 00:00:00', 2, 184, 'MCF', 185840000, NULL),
(1899, '2010-09-12 00:00:00', 2, 187, 'MCF', 188870000, NULL),
(1900, '2010-09-13 00:00:00', 2, 219, 'MCF', 221190000, NULL),
(1901, '2010-09-14 00:00:00', 2, 220, 'MCF', 222200000, NULL),
(1902, '2010-09-15 00:00:00', 2, 202, 'MCF', 204020000, NULL),
(1903, '2010-09-16 00:00:00', 2, 230, 'MCF', 232300000, NULL),
(1904, '2010-09-17 00:00:00', 2, 205, 'MCF', 207050000, NULL),
(1905, '2010-09-18 00:00:00', 2, 255, 'MCF', 257550000, NULL),
(1906, '2010-09-19 00:00:00', 2, 216, 'MCF', 218160000, NULL),
(1907, '2010-09-20 00:00:00', 2, 203, 'MCF', 205030000, NULL),
(1908, '2010-09-21 00:00:00', 2, 191, 'MCF', 192910000, NULL),
(1909, '2010-09-22 00:00:00', 2, 220, 'MCF', 222200000, NULL),
(1910, '2010-09-23 00:00:00', 2, 195, 'MCF', 196950000, NULL),
(1911, '2010-09-24 00:00:00', 2, 241, 'MCF', 243410000, NULL),
(1912, '2010-09-25 00:00:00', 2, 228, 'MCF', 230280000, NULL),
(1913, '2010-09-26 00:00:00', 2, 250, 'MCF', 252500000, NULL),
(1914, '2010-09-27 00:00:00', 2, 227, 'MCF', 229270000, NULL),
(1915, '2010-09-28 00:00:00', 2, 200, 'MCF', 202000000, NULL),
(1916, '2010-09-29 00:00:00', 2, 209, 'MCF', 211090000, NULL),
(1917, '2010-09-30 00:00:00', 2, 210, 'MCF', 212100000, NULL),
(1918, '2010-10-01 00:00:00', 2, 230, 'MCF', 232300000, NULL),
(1919, '2010-10-02 00:00:00', 2, 283, 'MCF', 285830000, NULL),
(1920, '2010-10-03 00:00:00', 2, 280, 'MCF', 282800000, NULL),
(1921, '2010-10-04 00:00:00', 2, 264, 'MCF', 266640000, NULL),
(1922, '2010-10-05 00:00:00', 2, 245, 'MCF', 247450000, NULL),
(1923, '2010-10-06 00:00:00', 2, 212, 'MCF', 214120000, NULL),
(1924, '2010-10-07 00:00:00', 2, 247, 'MCF', 249470000, NULL),
(1925, '2010-10-08 00:00:00', 2, 216, 'MCF', 218160000, NULL),
(1926, '2010-10-09 00:00:00', 2, 196, 'MCF', 197960000, NULL),
(1927, '2010-10-10 00:00:00', 2, 203, 'MCF', 205030000, NULL),
(1928, '2010-10-11 00:00:00', 2, 203, 'MCF', 205030000, NULL),
(1929, '2010-10-12 00:00:00', 2, 224, 'MCF', 226240000, NULL),
(1930, '2010-10-13 00:00:00', 2, 238, 'MCF', 240380000, NULL),
(1931, '2010-10-14 00:00:00', 2, 267, 'MCF', 269670000, NULL),
(1932, '2010-10-15 00:00:00', 2, 283, 'MCF', 285830000, NULL),
(1933, '2010-10-16 00:00:00', 2, 237, 'MCF', 239370000, NULL),
(1934, '2010-10-17 00:00:00', 2, 290, 'MCF', 292900000, NULL),
(1935, '2010-10-18 00:00:00', 2, 318, 'MCF', 321180000, NULL),
(1936, '2010-10-19 00:00:00', 2, 289, 'MCF', 291890000, NULL),
(1937, '2010-10-20 00:00:00', 2, 261, 'MCF', 263610000, NULL),
(1938, '2010-10-21 00:00:00', 2, 314, 'MCF', 317140000, NULL),
(1939, '2010-10-22 00:00:00', 2, 268, 'MCF', 270680000, NULL),
(1940, '2010-10-23 00:00:00', 2, 206, 'MCF', 208060000, NULL),
(1941, '2010-10-24 00:00:00', 2, 211, 'MCF', 213110000, NULL),
(1942, '2010-10-25 00:00:00', 2, 216, 'MCF', 218160000, NULL),
(1943, '2010-10-26 00:00:00', 2, 301, 'MCF', 304010000, NULL),
(1944, '2010-10-27 00:00:00', 2, 401, 'MCF', 405010000, NULL),
(1945, '2010-10-28 00:00:00', 2, 434, 'MCF', 438340000, NULL),
(1946, '2010-10-29 00:00:00', 2, 414, 'MCF', 418140000, NULL),
(1947, '2010-10-30 00:00:00', 2, 354, 'MCF', 357540000, NULL),
(1948, '2010-10-31 00:00:00', 2, 408, 'MCF', 412080000, NULL),
(1949, '2010-11-01 00:00:00', 2, 412, 'MCF', 416120000, NULL),
(1950, '2010-11-02 00:00:00', 2, 369, 'MCF', 372690000, NULL),
(1951, '2010-11-03 00:00:00', 2, 337, 'MCF', 340370000, NULL),
(1952, '2010-11-04 00:00:00', 2, 411, 'MCF', 415110000, NULL),
(1953, '2010-11-05 00:00:00', 2, 424, 'MCF', 428240000, NULL),
(1954, '2010-11-06 00:00:00', 2, 358, 'MCF', 361580000, NULL),
(1955, '2010-11-07 00:00:00', 2, 318, 'MCF', 321180000, NULL),
(1956, '2010-11-08 00:00:00', 2, 288, 'MCF', 290880000, NULL),
(1957, '2010-11-09 00:00:00', 2, 255, 'MCF', 257550000, NULL),
(1958, '2010-11-10 00:00:00', 2, 242, 'MCF', 244420000, NULL),
(1959, '2010-11-11 00:00:00', 2, 307, 'MCF', 310070000, NULL),
(1960, '2010-11-12 00:00:00', 2, 362, 'MCF', 365620000, NULL),
(1961, '2010-11-13 00:00:00', 2, 417, 'MCF', 421170000, NULL),
(1962, '2010-11-14 00:00:00', 2, 422, 'MCF', 426220000, NULL),
(1963, '2010-11-15 00:00:00', 2, 463, 'MCF', 467630000, NULL),
(1964, '2010-11-16 00:00:00', 2, 481, 'MCF', 485810000, NULL),
(1965, '2010-11-17 00:00:00', 2, 476, 'MCF', 480760000, NULL),
(1966, '2010-11-18 00:00:00', 2, 529, 'MCF', 534290000, NULL),
(1967, '2010-11-19 00:00:00', 2, 503, 'MCF', 508030000, NULL),
(1968, '2010-11-20 00:00:00', 2, 547, 'MCF', 552470000, NULL),
(1969, '2010-11-21 00:00:00', 2, 489, 'MCF', 493890000, NULL),
(1970, '2010-11-22 00:00:00', 2, 546, 'MCF', 551460000, NULL),
(1971, '2010-11-23 00:00:00', 2, 621, 'MCF', 627210000, NULL),
(1972, '2010-11-24 00:00:00', 2, 490, 'MCF', 494900000, NULL),
(1973, '2010-11-25 00:00:00', 2, 542, 'MCF', 547420000, NULL),
(1974, '2010-11-26 00:00:00', 2, 545, 'MCF', 550450000, NULL),
(1975, '2010-11-27 00:00:00', 2, 543, 'MCF', 548430000, NULL),
(1976, '2010-11-28 00:00:00', 2, 412, 'MCF', 416120000, NULL),
(1977, '2010-11-29 00:00:00', 2, 415, 'MCF', 419150000, NULL),
(1978, '2010-11-30 00:00:00', 2, 541, 'MCF', 546410000, NULL),
(1979, '2010-12-01 00:00:00', 2, 639, 'MCF', 645390000, NULL),
(1980, '2010-12-02 00:00:00', 2, 622, 'MCF', 628220000, NULL),
(1981, '2010-12-03 00:00:00', 2, 624, 'MCF', 630240000, NULL),
(1982, '2010-12-04 00:00:00', 2, 560, 'MCF', 565600000, NULL),
(1983, '2010-12-05 00:00:00', 2, 628, 'MCF', 634280000, NULL),
(1984, '2010-12-06 00:00:00', 2, 601, 'MCF', 607010000, NULL),
(1985, '2010-12-07 00:00:00', 2, 640, 'MCF', 646400000, NULL),
(1986, '2010-12-08 00:00:00', 2, 692, 'MCF', 698920000, NULL),
(1987, '2010-12-09 00:00:00', 2, 532, 'MCF', 537320000, NULL),
(1988, '2010-12-10 00:00:00', 2, 552, 'MCF', 557520000, NULL),
(1989, '2010-12-11 00:00:00', 2, 550, 'MCF', 555500000, NULL),
(1990, '2010-12-12 00:00:00', 2, 702, 'MCF', 709020000, NULL),
(1991, '2010-12-13 00:00:00', 2, 813, 'MCF', 821130000, NULL),
(1992, '2010-12-14 00:00:00', 2, 751, 'MCF', 758510000, NULL),
(1993, '2010-12-15 00:00:00', 2, 704, 'MCF', 711040000, NULL),
(1994, '2010-12-16 00:00:00', 2, 594, 'MCF', 599940000, NULL),
(1995, '2010-12-17 00:00:00', 2, 634, 'MCF', 640340000, NULL),
(1996, '2010-12-18 00:00:00', 2, 616, 'MCF', 622160000, NULL),
(1997, '2010-12-19 00:00:00', 2, 610, 'MCF', 616100000, NULL),
(1998, '2010-12-20 00:00:00', 2, 561, 'MCF', 566610000, NULL),
(1999, '2010-12-21 00:00:00', 2, 546, 'MCF', 551460000, NULL),
(2000, '2010-12-22 00:00:00', 2, 492, 'MCF', 496920000, NULL),
(2001, '2010-12-23 00:00:00', 2, 505, 'MCF', 510050000, NULL),
(2002, '2010-12-24 00:00:00', 2, 410, 'MCF', 414100000, NULL),
(2003, '2010-12-25 00:00:00', 2, 598, 'MCF', 603980000, NULL),
(2004, '2010-12-26 00:00:00', 2, 560, 'MCF', 565600000, NULL),
(2005, '2010-12-27 00:00:00', 2, 558, 'MCF', 563580000, NULL),
(2006, '2010-12-28 00:00:00', 2, 531, 'MCF', 536310000, NULL),
(2007, '2010-12-29 00:00:00', 2, 469, 'MCF', 473690000, NULL),
(2008, '2010-12-30 00:00:00', 2, 459, 'MCF', 463590000, NULL),
(2009, '2010-12-31 00:00:00', 2, 566, 'MCF', 571660000, NULL),
(2010, '2011-01-01 00:00:00', 2, 744, 'MCF', 751440000, NULL),
(2011, '2011-01-02 00:00:00', 2, 735, 'MCF', 742350000, NULL),
(2012, '2011-01-03 00:00:00', 2, 704, 'MCF', 711040000, NULL),
(2013, '2011-01-04 00:00:00', 2, 839, 'MCF', 847390000, NULL),
(2014, '2011-01-05 00:00:00', 2, 665, 'MCF', 671650000, NULL),
(2015, '2011-01-06 00:00:00', 2, 669, 'MCF', 675690000, NULL),
(2016, '2011-01-07 00:00:00', 2, 710, 'MCF', 717100000, NULL),
(2017, '2011-01-08 00:00:00', 2, 731, 'MCF', 738310000, NULL),
(2018, '2011-01-09 00:00:00', 2, 795, 'MCF', 802950000, NULL),
(2019, '2011-01-10 00:00:00', 2, 699, 'MCF', 705990000, NULL),
(2020, '2011-01-11 00:00:00', 2, 642, 'MCF', 648420000, NULL),
(2021, '2011-01-12 00:00:00', 2, 745, 'MCF', 752450000, NULL),
(2022, '2011-01-13 00:00:00', 2, 773, 'MCF', 780730000, NULL),
(2023, '2011-01-14 00:00:00', 2, 706, 'MCF', 713060000, NULL),
(2024, '2011-01-15 00:00:00', 2, 717, 'MCF', 724170000, NULL),
(2025, '2011-01-16 00:00:00', 2, 746, 'MCF', 753460000, NULL),
(2026, '2011-01-17 00:00:00', 2, 650, 'MCF', 656500000, NULL),
(2027, '2011-01-18 00:00:00', 2, 716, 'MCF', 723160000, NULL),
(2028, '2011-01-19 00:00:00', 2, 822, 'MCF', 830220000, NULL),
(2029, '2011-01-20 00:00:00', 2, 863, 'MCF', 871630000, NULL),
(2030, '2011-01-21 00:00:00', 2, 946, 'MCF', 955460000, NULL),
(2031, '2011-01-22 00:00:00', 2, 827, 'MCF', 835270000, NULL),
(2032, '2011-01-23 00:00:00', 2, 856, 'MCF', 864560000, NULL),
(2033, '2011-01-24 00:00:00', 2, 710, 'MCF', 717100000, NULL),
(2034, '2011-01-25 00:00:00', 2, 689, 'MCF', 695890000, NULL),
(2035, '2011-01-26 00:00:00', 2, 660, 'MCF', 666600000, NULL),
(2036, '2011-01-27 00:00:00', 2, 591, 'MCF', 596910000, NULL),
(2037, '2011-01-28 00:00:00', 2, 558, 'MCF', 563580000, NULL),
(2038, '2011-01-29 00:00:00', 2, 562, 'MCF', 567620000, NULL),
(2039, '2011-01-30 00:00:00', 2, 636, 'MCF', 642360000, NULL),
(2040, '2011-01-31 00:00:00', 2, 646, 'MCF', 652460000, NULL),
(2041, '2011-02-01 00:00:00', 2, 746, 'MCF', 753460000, NULL),
(2042, '2011-02-02 00:00:00', 2, 843, 'MCF', 851430000, NULL),
(2043, '2011-02-03 00:00:00', 2, 774, 'MCF', 781740000, NULL),
(2044, '2011-02-04 00:00:00', 2, 624, 'MCF', 630240000, NULL),
(2045, '2011-02-05 00:00:00', 2, 584, 'MCF', 589840000, NULL),
(2046, '2011-02-06 00:00:00', 2, 562, 'MCF', 567620000, NULL),
(2047, '2011-02-07 00:00:00', 2, 731, 'MCF', 738310000, NULL),
(2048, '2011-02-08 00:00:00', 2, 896, 'MCF', 904960000, NULL),
(2049, '2011-02-09 00:00:00', 2, 907, 'MCF', 916070000, NULL),
(2050, '2011-02-10 00:00:00', 2, 856, 'MCF', 864560000, NULL),
(2051, '2011-02-11 00:00:00', 2, 700, 'MCF', 707000000, NULL),
(2052, '2011-02-12 00:00:00', 2, 560, 'MCF', 565600000, NULL),
(2053, '2011-02-13 00:00:00', 2, 470, 'MCF', 474700000, NULL),
(2054, '2011-02-14 00:00:00', 2, 484, 'MCF', 488840000, NULL),
(2055, '2011-02-15 00:00:00', 2, 463, 'MCF', 467630000, NULL),
(2056, '2011-02-16 00:00:00', 2, 434, 'MCF', 438340000, NULL),
(2057, '2011-02-17 00:00:00', 2, 422, 'MCF', 426220000, NULL),
(2058, '2011-02-18 00:00:00', 2, 569, 'MCF', 574690000, NULL),
(2059, '2011-02-19 00:00:00', 2, 577, 'MCF', 582770000, NULL),
(2060, '2011-02-20 00:00:00', 2, 553, 'MCF', 558530000, NULL),
(2061, '2011-02-21 00:00:00', 2, 627, 'MCF', 633270000, NULL),
(2062, '2011-02-22 00:00:00', 2, 624, 'MCF', 630240000, NULL),
(2063, '2011-02-23 00:00:00', 2, 538, 'MCF', 543380000, NULL),
(2064, '2011-02-24 00:00:00', 2, 608, 'MCF', 614080000, NULL),
(2065, '2011-02-25 00:00:00', 2, 712, 'MCF', 719120000, NULL),
(2066, '2011-02-26 00:00:00', 2, 772, 'MCF', 779720000, NULL),
(2067, '2011-02-27 00:00:00', 2, 629, 'MCF', 635290000, NULL),
(2068, '2011-02-28 00:00:00', 2, 660, 'MCF', 666600000, NULL),
(2069, '2011-03-01 00:00:00', 2, 588, 'MCF', 593880000, NULL),
(2070, '2011-03-02 00:00:00', 2, 751, 'MCF', 758510000, NULL),
(2071, '2011-03-03 00:00:00', 2, 541, 'MCF', 546410000, NULL),
(2072, '2011-03-04 00:00:00', 2, 537, 'MCF', 542370000, NULL),
(2073, '2011-03-05 00:00:00', 2, 575, 'MCF', 580750000, NULL),
(2074, '2011-03-06 00:00:00', 2, 569, 'MCF', 574690000, NULL),
(2075, '2011-03-07 00:00:00', 2, 550, 'MCF', 555500000, NULL),
(2076, '2011-03-08 00:00:00', 2, 496, 'MCF', 500960000, NULL),
(2077, '2011-03-09 00:00:00', 2, 496, 'MCF', 500960000, NULL),
(2078, '2011-03-10 00:00:00', 2, 551, 'MCF', 556510000, NULL),
(2079, '2011-03-11 00:00:00', 2, 500, 'MCF', 505000000, NULL),
(2080, '2011-03-12 00:00:00', 2, 606, 'MCF', 612060000, NULL),
(2081, '2011-03-13 00:00:00', 2, 563, 'MCF', 568630000, NULL),
(2082, '2011-03-14 00:00:00', 2, 527, 'MCF', 532270000, NULL),
(2083, '2011-03-15 00:00:00', 2, 407, 'MCF', 411070000, NULL),
(2084, '2011-03-16 00:00:00', 2, 352, 'MCF', 355520000, NULL),
(2085, '2011-03-17 00:00:00', 2, 313, 'MCF', 316130000, NULL),
(2086, '2011-03-18 00:00:00', 2, 331, 'MCF', 334310000, NULL),
(2087, '2011-03-19 00:00:00', 2, 392, 'MCF', 395920000, NULL),
(2088, '2011-03-20 00:00:00', 2, 331, 'MCF', 334310000, NULL),
(2089, '2011-03-21 00:00:00', 2, 368, 'MCF', 371680000, NULL),
(2090, '2011-03-22 00:00:00', 2, 406, 'MCF', 410060000, NULL),
(2091, '2011-03-23 00:00:00', 2, 455, 'MCF', 459550000, NULL),
(2092, '2011-03-24 00:00:00', 2, 507, 'MCF', 512070000, NULL),
(2093, '2011-03-25 00:00:00', 2, 462, 'MCF', 466620000, NULL),
(2094, '2011-03-26 00:00:00', 2, 497, 'MCF', 501970000, NULL),
(2095, '2011-03-27 00:00:00', 2, 519, 'MCF', 524190000, NULL),
(2096, '2011-03-28 00:00:00', 2, 457, 'MCF', 461570000, NULL),
(2097, '2011-03-29 00:00:00', 2, 498, 'MCF', 502980000, NULL),
(2098, '2011-03-30 00:00:00', 2, 457, 'MCF', 461570000, NULL),
(2099, '2011-03-31 00:00:00', 2, 389, 'MCF', 392890000, NULL),
(2100, '2011-04-01 00:00:00', 2, 415, 'MCF', 419150000, NULL),
(2101, '2011-04-02 00:00:00', 2, 363, 'MCF', 366630000, NULL),
(2102, '2011-04-03 00:00:00', 2, 321, 'MCF', 324210000, NULL),
(2103, '2011-04-04 00:00:00', 2, 403, 'MCF', 407030000, NULL),
(2104, '2011-04-05 00:00:00', 2, 379, 'MCF', 382790000, NULL),
(2105, '2011-04-06 00:00:00', 2, 337, 'MCF', 340370000, NULL),
(2106, '2011-04-07 00:00:00', 2, 303, 'MCF', 306030000, NULL),
(2107, '2011-04-08 00:00:00', 2, 297, 'MCF', 299970000, NULL),
(2108, '2011-04-09 00:00:00', 2, 256, 'MCF', 258560000, NULL),
(2109, '2011-04-10 00:00:00', 2, 230, 'MCF', 232300000, NULL),
(2110, '2011-04-11 00:00:00', 2, 293, 'MCF', 295930000, NULL),
(2111, '2011-04-12 00:00:00', 2, 274, 'MCF', 276740000, NULL),
(2112, '2011-04-13 00:00:00', 2, 282, 'MCF', 284820000, NULL),
(2113, '2011-04-14 00:00:00', 2, 380, 'MCF', 383800000, NULL),
(2114, '2011-04-15 00:00:00', 2, 410, 'MCF', 414100000, NULL),
(2115, '2011-04-16 00:00:00', 2, 407, 'MCF', 411070000, NULL),
(2116, '2011-04-17 00:00:00', 2, 381, 'MCF', 384810000, NULL),
(2117, '2011-04-18 00:00:00', 2, 381, 'MCF', 384810000, NULL),
(2118, '2011-04-19 00:00:00', 2, 409, 'MCF', 413090000, NULL),
(2119, '2011-04-20 00:00:00', 2, 419, 'MCF', 423190000, NULL),
(2120, '2011-04-21 00:00:00', 2, 416, 'MCF', 420160000, NULL),
(2121, '2011-04-22 00:00:00', 2, 396, 'MCF', 399960000, NULL),
(2122, '2011-04-23 00:00:00', 2, 349, 'MCF', 352490000, NULL),
(2123, '2011-04-24 00:00:00', 2, 317, 'MCF', 320170000, NULL),
(2124, '2011-04-25 00:00:00', 2, 300, 'MCF', 303000000, NULL),
(2125, '2011-04-26 00:00:00', 2, 370, 'MCF', 373700000, NULL),
(2126, '2011-04-27 00:00:00', 2, 404, 'MCF', 408040000, NULL),
(2127, '2011-04-28 00:00:00', 2, 378, 'MCF', 381780000, NULL),
(2128, '2011-04-29 00:00:00', 2, 309, 'MCF', 312090000, NULL),
(2129, '2011-04-30 00:00:00', 2, 282, 'MCF', 284820000, NULL),
(2130, '2011-05-01 00:00:00', 2, 397, 'MCF', 400970000, NULL),
(2131, '2011-05-02 00:00:00', 2, 440, 'MCF', 444400000, NULL),
(2132, '2011-05-03 00:00:00', 2, 376, 'MCF', 379760000, NULL),
(2133, '2011-05-04 00:00:00', 2, 302, 'MCF', 305020000, NULL),
(2134, '2011-05-05 00:00:00', 2, 271, 'MCF', 273710000, NULL),
(2135, '2011-05-06 00:00:00', 2, 253, 'MCF', 255530000, NULL),
(2136, '2011-05-07 00:00:00', 2, 219, 'MCF', 221190000, NULL),
(2137, '2011-05-08 00:00:00', 2, 214, 'MCF', 216140000, NULL),
(2138, '2011-05-09 00:00:00', 2, 333, 'MCF', 336330000, NULL),
(2139, '2011-05-10 00:00:00', 2, 196, 'MCF', 197960000, NULL),
(2140, '2011-05-11 00:00:00', 2, 193, 'MCF', 194930000, NULL),
(2141, '2011-05-12 00:00:00', 2, 224, 'MCF', 226240000, NULL),
(2142, '2011-05-13 00:00:00', 2, 267, 'MCF', 269670000, NULL),
(2143, '2011-05-14 00:00:00', 2, 333, 'MCF', 336330000, NULL),
(2144, '2011-05-15 00:00:00', 2, 277, 'MCF', 279770000, NULL),
(2145, '2011-05-16 00:00:00', 2, 279, 'MCF', 281790000, NULL),
(2146, '2011-05-17 00:00:00', 2, 280, 'MCF', 282800000, NULL),
(2147, '2011-05-18 00:00:00', 2, 260, 'MCF', 262600000, NULL),
(2148, '2011-05-19 00:00:00', 2, 232, 'MCF', 234320000, NULL),
(2149, '2011-05-20 00:00:00', 2, 217, 'MCF', 219170000, NULL),
(2150, '2011-05-21 00:00:00', 2, 221, 'MCF', 223210000, NULL),
(2151, '2011-05-22 00:00:00', 2, 208, 'MCF', 210080000, NULL),
(2152, '2011-05-23 00:00:00', 2, 214, 'MCF', 216140000, NULL),
(2153, '2011-05-24 00:00:00', 2, 210, 'MCF', 212100000, NULL),
(2154, '2011-05-25 00:00:00', 2, 259, 'MCF', 261590000, NULL),
(2155, '2011-05-26 00:00:00', 2, 257, 'MCF', 259570000, NULL),
(2156, '2011-05-27 00:00:00', 2, 256, 'MCF', 258560000, NULL),
(2157, '2011-05-28 00:00:00', 2, 209, 'MCF', 211090000, NULL),
(2158, '2011-05-29 00:00:00', 2, 209, 'MCF', 211090000, NULL),
(2159, '2011-05-30 00:00:00', 2, 205, 'MCF', 207050000, NULL),
(2160, '2011-05-31 00:00:00', 2, 201, 'MCF', 203010000, NULL),
(2161, '2011-06-01 00:00:00', 2, 212, 'MCF', 214120000, NULL),
(2162, '2011-06-02 00:00:00', 2, 200, 'MCF', 202000000, NULL),
(2163, '2011-06-03 00:00:00', 2, 189, 'MCF', 190890000, NULL),
(2164, '2011-06-04 00:00:00', 2, 182, 'MCF', 183820000, NULL),
(2165, '2011-06-05 00:00:00', 2, 181, 'MCF', 182810000, NULL),
(2166, '2011-06-06 00:00:00', 2, 176, 'MCF', 177760000, NULL),
(2167, '2011-06-07 00:00:00', 2, 162, 'MCF', 163620000, NULL),
(2168, '2011-06-08 00:00:00', 2, 162, 'MCF', 163620000, NULL),
(2169, '2011-06-09 00:00:00', 2, 184, 'MCF', 185840000, NULL),
(2170, '2011-06-10 00:00:00', 2, 194, 'MCF', 195940000, NULL),
(2171, '2011-06-11 00:00:00', 2, 196, 'MCF', 197960000, NULL),
(2172, '2011-06-12 00:00:00', 2, 175, 'MCF', 176750000, NULL),
(2173, '2011-06-13 00:00:00', 2, 172, 'MCF', 173720000, NULL),
(2174, '2011-06-14 00:00:00', 2, 169, 'MCF', 170690000, NULL),
(2175, '2011-06-15 00:00:00', 2, 179, 'MCF', 180790000, NULL),
(2176, '2011-06-16 00:00:00', 2, 175, 'MCF', 176750000, NULL),
(2177, '2011-06-17 00:00:00', 2, 181, 'MCF', 182810000, NULL),
(2178, '2011-06-18 00:00:00', 2, 177, 'MCF', 178770000, NULL),
(2179, '2011-06-19 00:00:00', 2, 174, 'MCF', 175740000, NULL),
(2180, '2011-06-20 00:00:00', 2, 163, 'MCF', 164630000, NULL),
(2181, '2011-06-21 00:00:00', 2, 173, 'MCF', 174730000, NULL),
(2182, '2011-06-22 00:00:00', 2, 165, 'MCF', 166650000, NULL),
(2183, '2011-06-23 00:00:00', 2, 176, 'MCF', 177760000, NULL),
(2184, '2011-06-24 00:00:00', 2, 175, 'MCF', 176750000, NULL),
(2185, '2011-06-25 00:00:00', 2, 170, 'MCF', 171700000, NULL),
(2186, '2011-06-26 00:00:00', 2, 159, 'MCF', 160590000, NULL),
(2187, '2011-06-27 00:00:00', 2, 163, 'MCF', 164630000, NULL),
(2188, '2011-06-28 00:00:00', 2, 161, 'MCF', 162610000, NULL),
(2189, '2011-06-29 00:00:00', 2, 152, 'MCF', 153520000, NULL),
(2190, '2011-06-30 00:00:00', 2, 142, 'MCF', 143420000, NULL),
(2191, '2011-07-01 00:00:00', 2, 137, 'MCF', 138370000, NULL),
(2192, '2011-07-02 00:00:00', 2, 139, 'MCF', 140390000, NULL),
(2193, '2011-07-03 00:00:00', 2, 94, 'MCF', 94940000, NULL),
(2194, '2011-07-06 00:00:00', 2, 40, 'MCF', 40400000, NULL),
(2195, '2011-07-07 00:00:00', 2, 154, 'MCF', 155540000, NULL),
(2196, '2011-07-08 00:00:00', 2, 147, 'MCF', 148470000, NULL),
(2197, '2011-07-09 00:00:00', 2, 135, 'MCF', 136350000, NULL),
(2198, '2011-07-10 00:00:00', 2, 140, 'MCF', 141400000, NULL),
(2199, '2011-07-11 00:00:00', 2, 124, 'MCF', 125240000, NULL),
(2200, '2011-07-12 00:00:00', 2, 168, 'MCF', 169680000, NULL),
(2201, '2011-07-13 00:00:00', 2, 157, 'MCF', 158570000, NULL),
(2202, '2011-07-14 00:00:00', 2, 158, 'MCF', 159580000, NULL),
(2203, '2011-07-15 00:00:00', 2, 150, 'MCF', 151500000, NULL),
(2204, '2011-07-16 00:00:00', 2, 143, 'MCF', 144430000, NULL),
(2205, '2011-07-17 00:00:00', 2, 140, 'MCF', 141400000, NULL),
(2206, '2011-07-18 00:00:00', 2, 139, 'MCF', 140390000, NULL),
(2207, '2011-07-19 00:00:00', 2, 137, 'MCF', 138370000, NULL),
(2208, '2011-07-20 00:00:00', 2, 136, 'MCF', 137360000, NULL),
(2209, '2011-07-21 00:00:00', 2, 143, 'MCF', 144430000, NULL),
(2210, '2011-07-22 00:00:00', 2, 142, 'MCF', 143420000, NULL),
(2211, '2011-07-23 00:00:00', 2, 137, 'MCF', 138370000, NULL),
(2212, '2011-07-24 00:00:00', 2, 142, 'MCF', 143420000, NULL),
(2213, '2011-07-25 00:00:00', 2, 145, 'MCF', 146450000, NULL),
(2214, '2011-07-26 00:00:00', 2, 142, 'MCF', 143420000, NULL),
(2215, '2011-07-27 00:00:00', 2, 146, 'MCF', 147460000, NULL),
(2216, '2011-07-28 00:00:00', 2, 152, 'MCF', 153520000, NULL),
(2217, '2011-07-29 00:00:00', 2, 155, 'MCF', 156550000, NULL),
(2218, '2011-07-30 00:00:00', 2, 138, 'MCF', 139380000, NULL),
(2219, '2011-07-31 00:00:00', 2, 142, 'MCF', 143420000, NULL),
(2220, '2011-08-01 00:00:00', 2, 150, 'MCF', 151500000, NULL),
(2221, '2011-08-02 00:00:00', 2, 145, 'MCF', 146450000, NULL),
(2222, '2011-08-03 00:00:00', 2, 155, 'MCF', 156550000, NULL),
(2223, '2011-08-04 00:00:00', 2, 154, 'MCF', 155540000, NULL),
(2224, '2011-08-05 00:00:00', 2, 149, 'MCF', 150490000, NULL),
(2225, '2011-08-06 00:00:00', 2, 145, 'MCF', 146450000, NULL),
(2226, '2011-08-07 00:00:00', 2, 138, 'MCF', 139380000, NULL),
(2227, '2011-08-08 00:00:00', 2, 154, 'MCF', 155540000, NULL),
(2228, '2011-08-09 00:00:00', 2, 151, 'MCF', 152510000, NULL),
(2229, '2011-08-10 00:00:00', 2, 159, 'MCF', 160590000, NULL),
(2230, '2011-08-11 00:00:00', 2, 157, 'MCF', 158570000, NULL),
(2231, '2011-08-12 00:00:00', 2, 168, 'MCF', 169680000, NULL),
(2232, '2011-08-13 00:00:00', 2, 152, 'MCF', 153520000, NULL),
(2233, '2011-08-14 00:00:00', 2, 156, 'MCF', 157560000, NULL),
(2234, '2011-08-15 00:00:00', 2, 168, 'MCF', 169680000, NULL),
(2235, '2011-08-16 00:00:00', 2, 157, 'MCF', 158570000, NULL),
(2236, '2011-08-17 00:00:00', 2, 164, 'MCF', 165640000, NULL),
(2237, '2011-08-18 00:00:00', 2, 157, 'MCF', 158570000, NULL),
(2238, '2011-08-19 00:00:00', 2, 164, 'MCF', 165640000, NULL),
(2239, '2011-08-20 00:00:00', 2, 167, 'MCF', 168670000, NULL),
(2240, '2011-08-21 00:00:00', 2, 165, 'MCF', 166650000, NULL),
(2241, '2011-08-22 00:00:00', 2, 172, 'MCF', 173720000, NULL),
(2242, '2011-08-23 00:00:00', 2, 164, 'MCF', 165640000, NULL),
(2243, '2011-08-24 00:00:00', 2, 158, 'MCF', 159580000, NULL),
(2244, '2011-08-25 00:00:00', 2, 168, 'MCF', 169680000, NULL),
(2245, '2011-08-26 00:00:00', 2, 169, 'MCF', 170690000, NULL),
(2246, '2011-08-27 00:00:00', 2, 151, 'MCF', 152510000, NULL),
(2247, '2011-08-28 00:00:00', 2, 165, 'MCF', 166650000, NULL),
(2248, '2011-08-29 00:00:00', 2, 171, 'MCF', 172710000, NULL),
(2249, '2011-08-30 00:00:00', 2, 167, 'MCF', 168670000, NULL),
(2250, '2011-08-31 00:00:00', 2, 168, 'MCF', 169680000, NULL),
(2251, '2011-09-01 00:00:00', 2, 163, 'MCF', 164630000, NULL),
(2252, '2011-09-02 00:00:00', 2, 162, 'MCF', 163620000, NULL),
(2253, '2011-09-03 00:00:00', 2, 154, 'MCF', 155540000, NULL),
(2254, '2011-09-04 00:00:00', 2, 179, 'MCF', 180790000, NULL),
(2255, '2011-09-05 00:00:00', 2, 181, 'MCF', 182810000, NULL),
(2256, '2011-09-06 00:00:00', 2, 196, 'MCF', 197960000, NULL),
(2257, '2011-09-07 00:00:00', 2, 210, 'MCF', 212100000, NULL),
(2258, '2011-09-08 00:00:00', 2, 199, 'MCF', 200990000, NULL),
(2259, '2011-09-09 00:00:00', 2, 192, 'MCF', 193920000, NULL),
(2260, '2011-09-10 00:00:00', 2, 189, 'MCF', 190890000, NULL),
(2261, '2011-09-11 00:00:00', 2, 198, 'MCF', 199980000, NULL),
(2262, '2011-09-12 00:00:00', 2, 191, 'MCF', 192910000, NULL),
(2263, '2011-09-13 00:00:00', 2, 208, 'MCF', 210080000, NULL),
(2264, '2011-09-14 00:00:00', 2, 272, 'MCF', 274720000, NULL),
(2265, '2011-09-15 00:00:00', 2, 291, 'MCF', 293910000, NULL),
(2266, '2011-09-16 00:00:00', 2, 279, 'MCF', 281790000, NULL),
(2267, '2011-09-17 00:00:00', 2, 220, 'MCF', 222200000, NULL),
(2268, '2011-09-18 00:00:00', 2, 199, 'MCF', 200990000, NULL),
(2269, '2011-09-19 00:00:00', 2, 232, 'MCF', 234320000, NULL),
(2270, '2011-09-20 00:00:00', 2, 223, 'MCF', 225230000, NULL),
(2271, '2011-09-21 00:00:00', 2, 255, 'MCF', 257550000, NULL),
(2272, '2011-09-22 00:00:00', 2, 288, 'MCF', 290880000, NULL),
(2273, '2011-09-23 00:00:00', 2, 285, 'MCF', 287850000, NULL),
(2274, '2011-09-24 00:00:00', 2, 292, 'MCF', 294920000, NULL),
(2275, '2011-09-25 00:00:00', 2, 257, 'MCF', 259570000, NULL),
(2276, '2011-09-26 00:00:00', 2, 243, 'MCF', 245430000, NULL),
(2277, '2011-09-27 00:00:00', 2, 244, 'MCF', 246440000, NULL),
(2278, '2011-09-28 00:00:00', 2, 230, 'MCF', 232300000, NULL),
(2279, '2011-09-29 00:00:00', 2, 232, 'MCF', 234320000, NULL),
(2280, '2011-09-30 00:00:00', 2, 268, 'MCF', 270680000, NULL),
(2281, '2011-10-01 00:00:00', 2, 320, 'MCF', 323200000, NULL),
(2282, '2011-10-02 00:00:00', 2, 236, 'MCF', 238360000, NULL),
(2283, '2011-10-03 00:00:00', 2, 252, 'MCF', 254520000, NULL),
(2284, '2011-10-04 00:00:00', 2, 239, 'MCF', 241390000, NULL),
(2285, '2011-10-05 00:00:00', 2, 222, 'MCF', 224220000, NULL),
(2286, '2011-10-06 00:00:00', 2, 223, 'MCF', 225230000, NULL),
(2287, '2011-10-07 00:00:00', 2, 210, 'MCF', 212100000, NULL),
(2288, '2011-10-08 00:00:00', 2, 200, 'MCF', 202000000, NULL),
(2289, '2011-10-09 00:00:00', 2, 201, 'MCF', 203010000, NULL),
(2290, '2011-10-10 00:00:00', 2, 220, 'MCF', 222200000, NULL),
(2291, '2011-10-11 00:00:00', 2, 221, 'MCF', 223210000, NULL),
(2292, '2011-10-12 00:00:00', 2, 224, 'MCF', 226240000, NULL),
(2293, '2011-10-13 00:00:00', 2, 246, 'MCF', 248460000, NULL),
(2294, '2011-10-14 00:00:00', 2, 285, 'MCF', 287850000, NULL),
(2295, '2011-10-15 00:00:00', 2, 288, 'MCF', 290880000, NULL),
(2296, '2011-10-16 00:00:00', 2, 284, 'MCF', 286840000, NULL),
(2297, '2011-10-17 00:00:00', 2, 338, 'MCF', 341380000, NULL),
(2298, '2011-10-18 00:00:00', 2, 363, 'MCF', 366630000, NULL),
(2299, '2011-10-19 00:00:00', 2, 377, 'MCF', 380770000, NULL),
(2300, '2011-10-20 00:00:00', 2, 399, 'MCF', 402990000, NULL),
(2301, '2011-10-21 00:00:00', 2, 357, 'MCF', 360570000, NULL),
(2302, '2011-10-22 00:00:00', 2, 318, 'MCF', 321180000, NULL),
(2303, '2011-10-23 00:00:00', 2, 289, 'MCF', 291890000, NULL),
(2304, '2011-10-24 00:00:00', 2, 316, 'MCF', 319160000, NULL),
(2305, '2011-10-25 00:00:00', 2, 330, 'MCF', 333300000, NULL),
(2306, '2011-10-26 00:00:00', 2, 353, 'MCF', 356530000, NULL),
(2307, '2011-10-27 00:00:00', 2, 361, 'MCF', 364610000, NULL),
(2308, '2011-10-28 00:00:00', 2, 370, 'MCF', 373700000, NULL),
(2309, '2011-10-29 00:00:00', 2, 365, 'MCF', 368650000, NULL),
(2310, '2011-10-30 00:00:00', 2, 345, 'MCF', 348450000, NULL),
(2311, '2011-10-31 00:00:00', 2, 370, 'MCF', 373700000, NULL),
(2312, '2011-11-01 00:00:00', 2, 340, 'MCF', 343400000, NULL),
(2313, '2011-11-02 00:00:00', 2, 354, 'MCF', 357540000, NULL),
(2314, '2011-11-03 00:00:00', 2, 409, 'MCF', 413090000, NULL),
(2315, '2011-11-04 00:00:00', 2, 402, 'MCF', 406020000, NULL),
(2316, '2011-11-05 00:00:00', 2, 319, 'MCF', 322190000, NULL),
(2317, '2011-11-06 00:00:00', 2, 322, 'MCF', 325220000, NULL),
(2318, '2011-11-07 00:00:00', 2, 390, 'MCF', 393900000, NULL),
(2319, '2011-11-08 00:00:00', 2, 390, 'MCF', 393900000, NULL),
(2320, '2011-11-09 00:00:00', 2, 398, 'MCF', 401980000, NULL),
(2321, '2011-11-10 00:00:00', 2, 425, 'MCF', 429250000, NULL),
(2322, '2011-11-11 00:00:00', 2, 417, 'MCF', 421170000, NULL),
(2323, '2011-11-12 00:00:00', 2, 306, 'MCF', 309060000, NULL),
(2324, '2011-11-13 00:00:00', 2, 342, 'MCF', 345420000, NULL),
(2325, '2011-11-14 00:00:00', 2, 374, 'MCF', 377740000, NULL),
(2326, '2011-11-15 00:00:00', 2, 385, 'MCF', 388850000, NULL),
(2327, '2011-11-16 00:00:00', 2, 490, 'MCF', 494900000, NULL),
(2328, '2011-11-17 00:00:00', 2, 524, 'MCF', 529240000, NULL),
(2329, '2011-11-18 00:00:00', 2, 408, 'MCF', 412080000, NULL),
(2330, '2011-11-19 00:00:00', 2, 463, 'MCF', 467630000, NULL),
(2331, '2011-11-20 00:00:00', 2, 537, 'MCF', 542370000, NULL),
(2332, '2011-11-21 00:00:00', 2, 493, 'MCF', 497930000, NULL),
(2333, '2011-11-22 00:00:00', 2, 409, 'MCF', 413090000, NULL),
(2334, '2011-11-23 00:00:00', 2, 334, 'MCF', 337340000, NULL),
(2335, '2011-11-24 00:00:00', 2, 272, 'MCF', 274720000, NULL),
(2336, '2011-11-25 00:00:00', 2, 244, 'MCF', 246440000, NULL),
(2337, '2011-11-26 00:00:00', 2, 313, 'MCF', 316130000, NULL),
(2338, '2011-11-27 00:00:00', 2, 369, 'MCF', 372690000, NULL),
(2339, '2011-11-28 00:00:00', 2, 423, 'MCF', 427230000, NULL),
(2340, '2011-11-29 00:00:00', 2, 431, 'MCF', 435310000, NULL),
(2341, '2011-11-30 00:00:00', 2, 407, 'MCF', 411070000, NULL),
(2342, '2011-12-01 00:00:00', 2, 470, 'MCF', 474700000, NULL),
(2343, '2008-01-01 00:00:00', 2, 656, 'MCF', 662560000, NULL),
(2344, '2008-01-02 00:00:00', 2, 818, 'MCF', 826180000, NULL),
(2345, '2008-01-03 00:00:00', 2, 624, 'MCF', 630240000, NULL),
(2346, '2008-01-04 00:00:00', 2, 676, 'MCF', 682760000, NULL),
(2347, '2008-01-05 00:00:00', 2, 581, 'MCF', 586810000, NULL),
(2348, '2008-01-06 00:00:00', 2, 516, 'MCF', 521160000, NULL),
(2349, '2008-01-07 00:00:00', 2, 445, 'MCF', 449450000, NULL),
(2350, '2008-01-08 00:00:00', 2, 482, 'MCF', 486820000, NULL),
(2351, '2008-01-09 00:00:00', 2, 571, 'MCF', 576710000, NULL),
(2352, '2008-01-10 00:00:00', 2, 480, 'MCF', 484800000, NULL),
(2353, '2008-01-11 00:00:00', 2, 569, 'MCF', 574690000, NULL),
(2354, '2008-01-12 00:00:00', 2, 557, 'MCF', 562570000, NULL),
(2355, '2008-01-13 00:00:00', 2, 592, 'MCF', 597920000, NULL),
(2356, '2008-01-14 00:00:00', 2, 762, 'MCF', 769620000, NULL),
(2357, '2008-01-15 00:00:00', 2, 711, 'MCF', 718110000, NULL),
(2358, '2008-01-16 00:00:00', 2, 638, 'MCF', 644380000, NULL),
(2359, '2008-01-17 00:00:00', 2, 811, 'MCF', 819110000, NULL),
(2360, '2008-01-18 00:00:00', 2, 862, 'MCF', 870620000, NULL),
(2361, '2008-01-19 00:00:00', 2, 71, 'MCF', 71710000, NULL),
(2362, '2008-01-21 00:00:00', 2, 538, 'MCF', 543380000, NULL),
(2363, '2008-01-22 00:00:00', 2, 831, 'MCF', 839310000, NULL),
(2364, '2008-01-23 00:00:00', 2, 862, 'MCF', 870620000, NULL),
(2365, '2008-01-24 00:00:00', 2, 879, 'MCF', 887790000, NULL),
(2366, '2008-01-25 00:00:00', 2, 744, 'MCF', 751440000, NULL),
(2367, '2008-01-26 00:00:00', 2, 612, 'MCF', 618120000, NULL),
(2368, '2008-01-27 00:00:00', 2, 538, 'MCF', 543380000, NULL),
(2369, '2008-01-28 00:00:00', 2, 458, 'MCF', 462580000, NULL),
(2370, '2008-01-29 00:00:00', 2, 224, 'MCF', 226240000, NULL),
(2371, '2008-01-31 00:00:00', 2, 515, 'MCF', 520150000, NULL),
(2372, '2008-02-01 00:00:00', 2, 653, 'MCF', 659530000, NULL),
(2373, '2008-02-02 00:00:00', 2, 569, 'MCF', 574690000, NULL),
(2374, '2008-02-03 00:00:00', 2, 563, 'MCF', 568630000, NULL),
(2375, '2008-02-04 00:00:00', 2, 553, 'MCF', 558530000, NULL),
(2376, '2008-02-05 00:00:00', 2, 528, 'MCF', 533280000, NULL),
(2377, '2008-02-06 00:00:00', 2, 585, 'MCF', 590850000, NULL),
(2378, '2008-02-07 00:00:00', 2, 657, 'MCF', 663570000, NULL),
(2379, '2008-02-08 00:00:00', 2, 575, 'MCF', 580750000, NULL),
(2380, '2008-02-09 00:00:00', 2, 701, 'MCF', 708010000, NULL),
(2381, '2008-02-10 00:00:00', 2, 160, 'MCF', 161600000, NULL),
(2382, '2008-02-11 00:00:00', 2, 516, 'MCF', 521160000, NULL),
(2383, '2008-02-12 00:00:00', 2, 741, 'MCF', 748410000, NULL),
(2384, '2008-02-13 00:00:00', 2, 659, 'MCF', 665590000, NULL),
(2385, '2008-02-14 00:00:00', 2, 220, 'MCF', 222200000, NULL),
(2386, '2008-02-15 00:00:00', 2, 459, 'MCF', 463590000, NULL),
(2387, '2008-02-16 00:00:00', 2, 589, 'MCF', 594890000, NULL),
(2388, '2008-02-17 00:00:00', 2, 538, 'MCF', 543380000, NULL),
(2389, '2008-02-18 00:00:00', 2, 809, 'MCF', 817090000, NULL),
(2390, '2008-02-19 00:00:00', 2, 256, 'MCF', 258560000, NULL),
(2391, '2008-02-21 00:00:00', 2, 466, 'MCF', 470660000, NULL),
(2392, '2008-02-22 00:00:00', 2, 680, 'MCF', 686800000, NULL),
(2393, '2008-02-23 00:00:00', 2, 625, 'MCF', 631250000, NULL),
(2394, '2008-02-24 00:00:00', 2, 520, 'MCF', 525200000, NULL),
(2395, '2008-02-25 00:00:00', 2, 515, 'MCF', 520150000, NULL),
(2396, '2008-02-26 00:00:00', 2, 604, 'MCF', 610040000, NULL),
(2397, '2008-02-27 00:00:00', 2, 636, 'MCF', 642360000, NULL),
(2398, '2008-02-28 00:00:00', 2, 730, 'MCF', 737300000, NULL),
(2399, '2008-02-29 00:00:00', 2, 546, 'MCF', 551460000, NULL),
(2400, '2008-03-01 00:00:00', 2, 580, 'MCF', 585800000, NULL),
(2401, '2008-03-02 00:00:00', 2, 492, 'MCF', 496920000, NULL),
(2402, '2008-03-03 00:00:00', 2, 635, 'MCF', 641350000, NULL),
(2403, '2008-03-04 00:00:00', 2, 625, 'MCF', 631250000, NULL),
(2404, '2008-03-05 00:00:00', 2, 572, 'MCF', 577720000, NULL),
(2405, '2008-03-06 00:00:00', 2, 685, 'MCF', 691850000, NULL),
(2406, '2008-03-08 00:00:00', 2, 696, 'MCF', 702960000, NULL),
(2407, '2008-03-09 00:00:00', 2, 579, 'MCF', 584790000, NULL),
(2408, '2008-03-10 00:00:00', 2, 610, 'MCF', 616100000, NULL),
(2409, '2008-03-11 00:00:00', 2, 464, 'MCF', 468640000, NULL),
(2410, '2008-03-12 00:00:00', 2, 442, 'MCF', 446420000, NULL),
(2411, '2008-03-13 00:00:00', 2, 405, 'MCF', 409050000, NULL),
(2412, '2008-03-14 00:00:00', 2, 439, 'MCF', 443390000, NULL),
(2413, '2008-03-15 00:00:00', 2, 463, 'MCF', 467630000, NULL),
(2414, '2008-03-16 00:00:00', 2, 415, 'MCF', 419150000, NULL),
(2415, '2008-03-17 00:00:00', 2, 396, 'MCF', 399960000, NULL),
(2416, '2008-03-18 00:00:00', 2, 384, 'MCF', 387840000, NULL),
(2417, '2008-03-19 00:00:00', 2, 372, 'MCF', 375720000, NULL),
(2418, '2008-03-20 00:00:00', 2, 373, 'MCF', 376730000, NULL),
(2419, '2008-03-21 00:00:00', 2, 403, 'MCF', 407030000, NULL),
(2420, '2008-03-22 00:00:00', 2, 403, 'MCF', 407030000, NULL),
(2421, '2008-03-24 00:00:00', 2, 427, 'MCF', 431270000, NULL),
(2422, '2008-03-25 00:00:00', 2, 370, 'MCF', 373700000, NULL),
(2423, '2008-03-26 00:00:00', 2, 383, 'MCF', 386830000, NULL),
(2424, '2008-03-27 00:00:00', 2, 377, 'MCF', 380770000, NULL),
(2425, '2008-03-28 00:00:00', 2, 391, 'MCF', 394910000, NULL),
(2426, '2008-03-29 00:00:00', 2, 393, 'MCF', 396930000, NULL),
(2427, '2008-03-30 00:00:00', 2, 349, 'MCF', 352490000, NULL),
(2428, '2008-03-31 00:00:00', 2, 451, 'MCF', 455510000, NULL),
(2429, '2008-04-01 00:00:00', 2, 478, 'MCF', 482780000, NULL),
(2430, '2008-04-02 00:00:00', 2, 452, 'MCF', 456520000, NULL),
(2431, '2008-04-04 00:00:00', 2, 355, 'MCF', 358550000, NULL),
(2432, '2008-04-06 00:00:00', 2, 336, 'MCF', 339360000, NULL),
(2433, '2008-04-07 00:00:00', 2, 419, 'MCF', 423190000, NULL),
(2434, '2008-04-09 00:00:00', 2, 420, 'MCF', 424200000, NULL),
(2435, '2008-04-10 00:00:00', 2, 444, 'MCF', 448440000, NULL),
(2436, '2008-04-11 00:00:00', 2, 449, 'MCF', 453490000, NULL),
(2437, '2008-04-12 00:00:00', 2, 469, 'MCF', 473690000, NULL),
(2438, '2008-04-13 00:00:00', 2, 434, 'MCF', 438340000, NULL),
(2439, '2008-04-14 00:00:00', 2, 394, 'MCF', 397940000, NULL),
(2440, '2008-04-15 00:00:00', 2, 304, 'MCF', 307040000, NULL),
(2441, '2008-04-16 00:00:00', 2, 258, 'MCF', 260580000, NULL),
(2442, '2008-04-17 00:00:00', 2, 350, 'MCF', 353500000, NULL),
(2443, '2008-04-18 00:00:00', 2, 373, 'MCF', 376730000, NULL),
(2444, '2008-04-19 00:00:00', 2, 345, 'MCF', 348450000, NULL),
(2445, '2008-04-20 00:00:00', 2, 273, 'MCF', 275730000, NULL),
(2446, '2008-04-21 00:00:00', 2, 248, 'MCF', 250480000, NULL),
(2447, '2008-04-22 00:00:00', 2, 302, 'MCF', 305020000, NULL),
(2448, '2008-04-23 00:00:00', 2, 264, 'MCF', 266640000, NULL),
(2449, '2008-04-24 00:00:00', 2, 241, 'MCF', 243410000, NULL),
(2450, '2008-04-25 00:00:00', 2, 348, 'MCF', 351480000, NULL),
(2451, '2008-04-26 00:00:00', 2, 380, 'MCF', 383800000, NULL),
(2452, '2008-04-27 00:00:00', 2, 437, 'MCF', 441370000, NULL),
(2453, '2008-04-28 00:00:00', 2, 453, 'MCF', 457530000, NULL),
(2454, '2008-04-29 00:00:00', 2, 408, 'MCF', 412080000, NULL),
(2455, '2008-04-30 00:00:00', 2, 311, 'MCF', 314110000, NULL),
(2456, '2008-05-01 00:00:00', 2, 278, 'MCF', 280780000, NULL),
(2457, '2008-05-02 00:00:00', 2, 326, 'MCF', 329260000, NULL),
(2458, '2008-05-03 00:00:00', 2, 352, 'MCF', 355520000, NULL),
(2459, '2008-05-04 00:00:00', 2, 278, 'MCF', 280780000, NULL),
(2460, '2008-05-05 00:00:00', 2, 280, 'MCF', 282800000, NULL),
(2461, '2008-05-06 00:00:00', 2, 256, 'MCF', 258560000, NULL),
(2462, '2008-05-07 00:00:00', 2, 266, 'MCF', 268660000, NULL),
(2463, '2008-05-08 00:00:00', 2, 283, 'MCF', 285830000, NULL),
(2464, '2008-05-09 00:00:00', 2, 251, 'MCF', 253510000, NULL),
(2465, '2008-05-10 00:00:00', 2, 272, 'MCF', 274720000, NULL),
(2466, '2008-05-11 00:00:00', 2, 303, 'MCF', 306030000, NULL),
(2467, '2008-05-12 00:00:00', 2, 279, 'MCF', 281790000, NULL),
(2468, '2008-05-13 00:00:00', 2, 253, 'MCF', 255530000, NULL),
(2469, '2008-05-14 00:00:00', 2, 268, 'MCF', 270680000, NULL),
(2470, '2008-05-15 00:00:00', 2, 241, 'MCF', 243410000, NULL),
(2471, '2008-05-16 00:00:00', 2, 204, 'MCF', 206040000, NULL),
(2472, '2008-05-17 00:00:00', 2, 196, 'MCF', 197960000, NULL),
(2473, '2008-05-18 00:00:00', 2, 251, 'MCF', 253510000, NULL),
(2474, '2008-05-19 00:00:00', 2, 269, 'MCF', 271690000, NULL),
(2475, '2008-05-20 00:00:00', 2, 260, 'MCF', 262600000, NULL),
(2476, '2008-05-21 00:00:00', 2, 259, 'MCF', 261590000, NULL),
(2477, '2008-05-22 00:00:00', 2, 241, 'MCF', 243410000, NULL),
(2478, '2008-05-23 00:00:00', 2, 219, 'MCF', 221190000, NULL),
(2479, '2008-05-24 00:00:00', 2, 213, 'MCF', 215130000, NULL),
(2480, '2008-05-25 00:00:00', 2, 182, 'MCF', 183820000, NULL),
(2481, '2008-05-26 00:00:00', 2, 318, 'MCF', 321180000, NULL),
(2482, '2008-05-27 00:00:00', 2, 299, 'MCF', 301990000, NULL),
(2483, '2008-05-28 00:00:00', 2, 353, 'MCF', 356530000, NULL),
(2484, '2008-05-29 00:00:00', 2, 131, 'MCF', 132310000, NULL),
(2485, '2008-05-30 00:00:00', 2, 209, 'MCF', 211090000, NULL),
(2486, '2008-05-31 00:00:00', 2, 191, 'MCF', 192910000, NULL),
(2487, '2008-06-01 00:00:00', 2, 182, 'MCF', 183820000, NULL),
(2488, '2008-06-02 00:00:00', 2, 191, 'MCF', 192910000, NULL),
(2489, '2008-06-03 00:00:00', 2, 210, 'MCF', 212100000, NULL),
(2490, '2008-06-04 00:00:00', 2, 209, 'MCF', 211090000, NULL),
(2491, '2008-06-05 00:00:00', 2, 196, 'MCF', 197960000, NULL),
(2492, '2008-06-06 00:00:00', 2, 190, 'MCF', 191900000, NULL),
(2493, '2008-06-07 00:00:00', 2, 183, 'MCF', 184830000, NULL),
(2494, '2008-06-08 00:00:00', 2, 177, 'MCF', 178770000, NULL),
(2495, '2008-06-09 00:00:00', 2, 186, 'MCF', 187860000, NULL),
(2496, '2008-06-10 00:00:00', 2, 172, 'MCF', 173720000, NULL),
(2497, '2008-06-11 00:00:00', 2, 169, 'MCF', 170690000, NULL),
(2498, '2008-06-12 00:00:00', 2, 167, 'MCF', 168670000, NULL),
(2499, '2008-06-13 00:00:00', 2, 174, 'MCF', 175740000, NULL),
(2500, '2008-06-14 00:00:00', 2, 160, 'MCF', 161600000, NULL),
(2501, '2008-06-15 00:00:00', 2, 146, 'MCF', 147460000, NULL),
(2502, '2008-06-16 00:00:00', 2, 158, 'MCF', 159580000, NULL),
(2503, '2008-06-17 00:00:00', 2, 156, 'MCF', 157560000, NULL),
(2504, '2008-06-18 00:00:00', 2, 152, 'MCF', 153520000, NULL),
(2505, '2008-06-19 00:00:00', 2, 166, 'MCF', 167660000, NULL),
(2506, '2008-06-20 00:00:00', 2, 157, 'MCF', 158570000, NULL),
(2507, '2008-06-21 00:00:00', 2, 169, 'MCF', 170690000, NULL),
(2508, '2008-06-22 00:00:00', 2, 157, 'MCF', 158570000, NULL),
(2509, '2008-06-23 00:00:00', 2, 157, 'MCF', 158570000, NULL),
(2510, '2008-06-24 00:00:00', 2, 150, 'MCF', 151500000, NULL),
(2511, '2008-06-25 00:00:00', 2, 163, 'MCF', 164630000, NULL),
(2512, '2008-06-26 00:00:00', 2, 149, 'MCF', 150490000, NULL),
(2513, '2008-06-27 00:00:00', 2, 143, 'MCF', 144430000, NULL),
(2514, '2008-06-28 00:00:00', 2, 156, 'MCF', 157560000, NULL),
(2515, '2008-06-29 00:00:00', 2, 149, 'MCF', 150490000, NULL),
(2516, '2008-06-30 00:00:00', 2, 152, 'MCF', 153520000, NULL);
INSERT INTO `EnergyData` (`EnergyDataID`, `Date`, `MeterID`, `MeasuredValue`, `Unit`, `BTUConversion`, `Cost`) VALUES
(2517, '2008-07-01 00:00:00', 2, 145, 'MCF', 146450000, NULL),
(2518, '2008-07-02 00:00:00', 2, 145, 'MCF', 146450000, NULL),
(2519, '2008-07-03 00:00:00', 2, 149, 'MCF', 150490000, NULL),
(2520, '2008-07-04 00:00:00', 2, 139, 'MCF', 140390000, NULL),
(2521, '2008-07-05 00:00:00', 2, 139, 'MCF', 140390000, NULL),
(2522, '2008-07-06 00:00:00', 2, 136, 'MCF', 137360000, NULL),
(2523, '2008-07-07 00:00:00', 2, 140, 'MCF', 141400000, NULL),
(2524, '2008-07-08 00:00:00', 2, 146, 'MCF', 147460000, NULL),
(2525, '2008-07-09 00:00:00', 2, 149, 'MCF', 150490000, NULL),
(2526, '2008-07-10 00:00:00', 2, 140, 'MCF', 141400000, NULL),
(2527, '2008-07-11 00:00:00', 2, 144, 'MCF', 145440000, NULL),
(2528, '2008-07-12 00:00:00', 2, 134, 'MCF', 135340000, NULL),
(2529, '2008-07-13 00:00:00', 2, 141, 'MCF', 142410000, NULL),
(2530, '2008-07-14 00:00:00', 2, 147, 'MCF', 148470000, NULL),
(2531, '2008-07-15 00:00:00', 2, 147, 'MCF', 148470000, NULL),
(2532, '2008-07-16 00:00:00', 2, 142, 'MCF', 143420000, NULL),
(2533, '2008-07-17 00:00:00', 2, 141, 'MCF', 142410000, NULL),
(2534, '2008-07-18 00:00:00', 2, 158, 'MCF', 159580000, NULL),
(2535, '2008-07-19 00:00:00', 2, 148, 'MCF', 149480000, NULL),
(2536, '2008-07-20 00:00:00', 2, 144, 'MCF', 145440000, NULL),
(2537, '2008-07-21 00:00:00', 2, 132, 'MCF', 133320000, NULL),
(2538, '2008-07-22 00:00:00', 2, 142, 'MCF', 143420000, NULL),
(2539, '2008-07-23 00:00:00', 2, 153, 'MCF', 154530000, NULL),
(2540, '2008-07-24 00:00:00', 2, 140, 'MCF', 141400000, NULL),
(2541, '2008-07-25 00:00:00', 2, 144, 'MCF', 145440000, NULL),
(2542, '2008-07-26 00:00:00', 2, 141, 'MCF', 142410000, NULL),
(2543, '2008-07-27 00:00:00', 2, 135, 'MCF', 136350000, NULL),
(2544, '2008-07-28 00:00:00', 2, 138, 'MCF', 139380000, NULL),
(2545, '2008-07-29 00:00:00', 2, 135, 'MCF', 136350000, NULL),
(2546, '2008-07-30 00:00:00', 2, 135, 'MCF', 136350000, NULL),
(2547, '2008-07-31 00:00:00', 2, 131, 'MCF', 132310000, NULL),
(2548, '2008-08-01 00:00:00', 2, 129, 'MCF', 130290000, NULL),
(2549, '2008-08-03 00:00:00', 2, 131, 'MCF', 132310000, NULL),
(2550, '2008-08-04 00:00:00', 2, 135, 'MCF', 136350000, NULL),
(2551, '2008-08-05 00:00:00', 2, 130, 'MCF', 131300000, NULL),
(2552, '2008-08-06 00:00:00', 2, 135, 'MCF', 136350000, NULL),
(2553, '2008-08-07 00:00:00', 2, 134, 'MCF', 135340000, NULL),
(2554, '2008-08-08 00:00:00', 2, 119, 'MCF', 120190000, NULL),
(2555, '2008-08-09 00:00:00', 2, 130, 'MCF', 131300000, NULL),
(2556, '2008-08-14 00:00:00', 2, 73, 'MCF', 73730000, NULL),
(2557, '2008-08-15 00:00:00', 2, 142, 'MCF', 143420000, NULL),
(2558, '2008-08-16 00:00:00', 2, 123, 'MCF', 124230000, NULL),
(2559, '2008-08-17 00:00:00', 2, 125, 'MCF', 126250000, NULL),
(2560, '2008-08-18 00:00:00', 2, 125, 'MCF', 126250000, NULL),
(2561, '2008-08-19 00:00:00', 2, 123, 'MCF', 124230000, NULL),
(2562, '2008-08-20 00:00:00', 2, 128, 'MCF', 129280000, NULL),
(2563, '2008-08-21 00:00:00', 2, 142, 'MCF', 143420000, NULL),
(2564, '2008-08-22 00:00:00', 2, 157, 'MCF', 158570000, NULL),
(2565, '2008-08-23 00:00:00', 2, 145, 'MCF', 146450000, NULL),
(2566, '2008-08-24 00:00:00', 2, 148, 'MCF', 149480000, NULL),
(2567, '2008-08-25 00:00:00', 2, 154, 'MCF', 155540000, NULL),
(2568, '2008-08-26 00:00:00', 2, 148, 'MCF', 149480000, NULL),
(2569, '2008-08-27 00:00:00', 2, 135, 'MCF', 136350000, NULL),
(2570, '2008-08-28 00:00:00', 2, 157, 'MCF', 158570000, NULL),
(2571, '2008-08-29 00:00:00', 2, 149, 'MCF', 150490000, NULL),
(2572, '2008-08-30 00:00:00', 2, 148, 'MCF', 149480000, NULL),
(2573, '2008-08-31 00:00:00', 2, 135, 'MCF', 136350000, NULL),
(2574, '2008-09-01 00:00:00', 2, 136, 'MCF', 137360000, NULL),
(2575, '2008-09-02 00:00:00', 2, 142, 'MCF', 143420000, NULL),
(2576, '2008-09-03 00:00:00', 2, 165, 'MCF', 166650000, NULL),
(2577, '2008-09-04 00:00:00', 2, 173, 'MCF', 174730000, NULL),
(2578, '2008-09-05 00:00:00', 2, 186, 'MCF', 187860000, NULL),
(2579, '2008-09-06 00:00:00', 2, 169, 'MCF', 170690000, NULL),
(2580, '2008-09-07 00:00:00', 2, 181, 'MCF', 182810000, NULL),
(2581, '2008-09-08 00:00:00', 2, 203, 'MCF', 205030000, NULL),
(2582, '2008-09-09 00:00:00', 2, 228, 'MCF', 230280000, NULL),
(2583, '2008-09-10 00:00:00', 2, 181, 'MCF', 182810000, NULL),
(2584, '2008-09-11 00:00:00', 2, 167, 'MCF', 168670000, NULL),
(2585, '2008-09-12 00:00:00', 2, 181, 'MCF', 182810000, NULL),
(2586, '2008-09-13 00:00:00', 2, 185, 'MCF', 186850000, NULL),
(2587, '2008-09-14 00:00:00', 2, 194, 'MCF', 195940000, NULL),
(2588, '2008-09-15 00:00:00', 2, 222, 'MCF', 224220000, NULL),
(2589, '2008-09-16 00:00:00', 2, 195, 'MCF', 196950000, NULL),
(2590, '2008-09-17 00:00:00', 2, 198, 'MCF', 199980000, NULL),
(2591, '2008-09-18 00:00:00', 2, 185, 'MCF', 186850000, NULL),
(2592, '2008-09-19 00:00:00', 2, 179, 'MCF', 180790000, NULL),
(2593, '2008-09-20 00:00:00', 2, 173, 'MCF', 174730000, NULL),
(2594, '2008-09-21 00:00:00', 2, 174, 'MCF', 175740000, NULL),
(2595, '2008-09-22 00:00:00', 2, 172, 'MCF', 173720000, NULL),
(2596, '2008-09-23 00:00:00', 2, 169, 'MCF', 170690000, NULL),
(2597, '2008-09-24 00:00:00', 2, 189, 'MCF', 190890000, NULL),
(2598, '2008-09-25 00:00:00', 2, 200, 'MCF', 202000000, NULL),
(2599, '2008-09-26 00:00:00', 2, 168, 'MCF', 169680000, NULL),
(2600, '2008-09-27 00:00:00', 2, 170, 'MCF', 171700000, NULL),
(2601, '2008-09-28 00:00:00', 2, 179, 'MCF', 180790000, NULL),
(2602, '2008-09-29 00:00:00', 2, 203, 'MCF', 205030000, NULL),
(2603, '2008-09-30 00:00:00', 2, 259, 'MCF', 261590000, NULL),
(2604, '2008-10-01 00:00:00', 2, 313, 'MCF', 316130000, NULL),
(2605, '2008-10-02 00:00:00', 2, 306, 'MCF', 309060000, NULL),
(2606, '2008-10-03 00:00:00', 2, 319, 'MCF', 322190000, NULL),
(2607, '2008-10-04 00:00:00', 2, 312, 'MCF', 315120000, NULL),
(2608, '2008-10-05 00:00:00', 2, 283, 'MCF', 285830000, NULL),
(2609, '2008-10-06 00:00:00', 2, 231, 'MCF', 233310000, NULL),
(2610, '2008-10-07 00:00:00', 2, 284, 'MCF', 286840000, NULL),
(2611, '2008-10-08 00:00:00', 2, 296, 'MCF', 298960000, NULL),
(2612, '2008-10-09 00:00:00', 2, 305, 'MCF', 308050000, NULL),
(2613, '2008-10-10 00:00:00', 2, 270, 'MCF', 272700000, NULL),
(2614, '2008-10-11 00:00:00', 2, 248, 'MCF', 250480000, NULL),
(2615, '2008-10-12 00:00:00', 2, 204, 'MCF', 206040000, NULL),
(2616, '2008-10-13 00:00:00', 2, 282, 'MCF', 284820000, NULL),
(2617, '2008-10-14 00:00:00', 2, 337, 'MCF', 340370000, NULL),
(2618, '2008-10-15 00:00:00', 2, 343, 'MCF', 346430000, NULL),
(2619, '2008-10-16 00:00:00', 2, 382, 'MCF', 385820000, NULL),
(2620, '2008-10-17 00:00:00', 2, 356, 'MCF', 359560000, NULL),
(2621, '2008-10-18 00:00:00', 2, 335, 'MCF', 338350000, NULL),
(2622, '2008-10-19 00:00:00', 2, 271, 'MCF', 273710000, NULL),
(2623, '2008-10-20 00:00:00', 2, 333, 'MCF', 336330000, NULL),
(2624, '2008-10-21 00:00:00', 2, 388, 'MCF', 391880000, NULL),
(2625, '2008-10-22 00:00:00', 2, 372, 'MCF', 375720000, NULL),
(2626, '2008-10-23 00:00:00', 2, 353, 'MCF', 356530000, NULL),
(2627, '2008-10-24 00:00:00', 2, 362, 'MCF', 365620000, NULL),
(2628, '2008-10-25 00:00:00', 2, 298, 'MCF', 300980000, NULL),
(2629, '2008-10-26 00:00:00', 2, 402, 'MCF', 406020000, NULL),
(2630, '2008-10-27 00:00:00', 2, 445, 'MCF', 449450000, NULL),
(2631, '2008-10-28 00:00:00', 2, 448, 'MCF', 452480000, NULL),
(2632, '2008-10-29 00:00:00', 2, 404, 'MCF', 408040000, NULL),
(2633, '2008-10-30 00:00:00', 2, 295, 'MCF', 297950000, NULL),
(2634, '2008-10-31 00:00:00', 2, 307, 'MCF', 310070000, NULL),
(2635, '2008-11-01 00:00:00', 2, 345, 'MCF', 348450000, NULL),
(2636, '2008-11-02 00:00:00', 2, 301, 'MCF', 304010000, NULL),
(2637, '2008-11-03 00:00:00', 2, 245, 'MCF', 247450000, NULL),
(2638, '2008-11-04 00:00:00', 2, 226, 'MCF', 228260000, NULL),
(2639, '2008-11-05 00:00:00', 2, 229, 'MCF', 231290000, NULL),
(2640, '2008-11-06 00:00:00', 2, 315, 'MCF', 318150000, NULL),
(2641, '2008-11-07 00:00:00', 2, 421, 'MCF', 425210000, NULL),
(2642, '2008-11-08 00:00:00', 2, 406, 'MCF', 410060000, NULL),
(2643, '2008-11-09 00:00:00', 2, 496, 'MCF', 500960000, NULL),
(2644, '2008-11-10 00:00:00', 2, 544, 'MCF', 549440000, NULL),
(2645, '2008-11-11 00:00:00', 2, 502, 'MCF', 507020000, NULL),
(2646, '2008-11-12 00:00:00', 2, 496, 'MCF', 500960000, NULL),
(2647, '2008-11-13 00:00:00', 2, 407, 'MCF', 411070000, NULL),
(2648, '2008-11-14 00:00:00', 2, 445, 'MCF', 449450000, NULL),
(2649, '2008-11-15 00:00:00', 2, 479, 'MCF', 483790000, NULL),
(2650, '2008-11-16 00:00:00', 2, 482, 'MCF', 486820000, NULL),
(2651, '2008-11-17 00:00:00', 2, 546, 'MCF', 551460000, NULL),
(2652, '2008-11-18 00:00:00', 2, 569, 'MCF', 574690000, NULL),
(2653, '2008-11-19 00:00:00', 2, 529, 'MCF', 534290000, NULL),
(2654, '2008-11-20 00:00:00', 2, 598, 'MCF', 603980000, NULL),
(2655, '2008-11-21 00:00:00', 2, 675, 'MCF', 681750000, NULL),
(2656, '2008-11-22 00:00:00', 2, 590, 'MCF', 595900000, NULL),
(2657, '2008-11-23 00:00:00', 2, 536, 'MCF', 541360000, NULL),
(2658, '2008-11-24 00:00:00', 2, 538, 'MCF', 543380000, NULL),
(2659, '2008-11-25 00:00:00', 2, 521, 'MCF', 526210000, NULL),
(2660, '2008-11-26 00:00:00', 2, 468, 'MCF', 472680000, NULL),
(2661, '2008-11-27 00:00:00', 2, 437, 'MCF', 441370000, NULL),
(2662, '2008-11-28 00:00:00', 2, 412, 'MCF', 416120000, NULL),
(2663, '2008-11-29 00:00:00', 2, 448, 'MCF', 452480000, NULL),
(2664, '2008-11-30 00:00:00', 2, 473, 'MCF', 477730000, NULL),
(2665, '2008-12-01 00:00:00', 2, 547, 'MCF', 552470000, NULL),
(2666, '2008-12-02 00:00:00', 2, 488, 'MCF', 492880000, NULL),
(2667, '2008-12-03 00:00:00', 2, 577, 'MCF', 582770000, NULL),
(2668, '2008-12-04 00:00:00', 2, 629, 'MCF', 635290000, NULL),
(2669, '2008-12-05 00:00:00', 2, 624, 'MCF', 630240000, NULL),
(2670, '2008-12-06 00:00:00', 2, 597, 'MCF', 602970000, NULL),
(2671, '2008-12-07 00:00:00', 2, 674, 'MCF', 680740000, NULL),
(2672, '2008-12-08 00:00:00', 2, 620, 'MCF', 626200000, NULL),
(2673, '2008-12-09 00:00:00', 2, 648, 'MCF', 654480000, NULL),
(2674, '2008-12-10 00:00:00', 2, 638, 'MCF', 644380000, NULL),
(2675, '2008-12-11 00:00:00', 2, 646, 'MCF', 652460000, NULL),
(2676, '2008-12-12 00:00:00', 2, 699, 'MCF', 705990000, NULL),
(2677, '2008-12-13 00:00:00', 2, 450, 'MCF', 454500000, NULL),
(2678, '2008-12-14 00:00:00', 2, 558, 'MCF', 563580000, NULL),
(2679, '2008-12-15 00:00:00', 2, 291, 'MCF', 293910000, NULL),
(2680, '2008-12-17 00:00:00', 2, 462, 'MCF', 466620000, NULL),
(2681, '2008-12-18 00:00:00', 2, 744, 'MCF', 751440000, NULL),
(2682, '2008-12-19 00:00:00', 2, 654, 'MCF', 660540000, NULL),
(2683, '2008-12-20 00:00:00', 2, 654, 'MCF', 660540000, NULL),
(2684, '2008-12-21 00:00:00', 2, 289, 'MCF', 291890000, NULL),
(2685, '2008-12-22 00:00:00', 2, 521, 'MCF', 526210000, NULL),
(2686, '2008-12-23 00:00:00', 2, 674, 'MCF', 680740000, NULL),
(2687, '2008-12-24 00:00:00', 2, 670, 'MCF', 676700000, NULL),
(2688, '2008-12-25 00:00:00', 2, 663, 'MCF', 669630000, NULL),
(2689, '2008-12-26 00:00:00', 2, 564, 'MCF', 569640000, NULL),
(2690, '2008-12-27 00:00:00', 2, 425, 'MCF', 429250000, NULL),
(2691, '2008-12-28 00:00:00', 2, 566, 'MCF', 571660000, NULL),
(2692, '2008-12-29 00:00:00', 2, 556, 'MCF', 561560000, NULL),
(2693, '2008-12-30 00:00:00', 2, 646, 'MCF', 652460000, NULL),
(2694, '2008-12-31 00:00:00', 2, 768, 'MCF', 775680000, NULL);

-- --------------------------------------------------------

--
-- Table structure for table `FuelSource`
--

CREATE TABLE IF NOT EXISTS `FuelSource` (
  `FuelSourceID` int(11) NOT NULL AUTO_INCREMENT,
  `FuelTypeID` int(11) DEFAULT NULL,
  PRIMARY KEY (`FuelSourceID`),
  KEY `FuelTypeID` (`FuelTypeID`)
) ENGINE=InnoDB  DEFAULT CHARSET=latin1 AUTO_INCREMENT=3 ;

--
-- Dumping data for table `FuelSource`
--

INSERT INTO `FuelSource` (`FuelSourceID`, `FuelTypeID`) VALUES
(1, 1),
(2, 2);

-- --------------------------------------------------------

--
-- Table structure for table `FuelSource_Supplier`
--

CREATE TABLE IF NOT EXISTS `FuelSource_Supplier` (
  `FuelSourceID` int(11) NOT NULL,
  `SupplierID` int(11) NOT NULL,
  KEY `FuelSourceID` (`FuelSourceID`),
  KEY `SupplierID` (`SupplierID`)
) ENGINE=InnoDB DEFAULT CHARSET=latin1;

-- --------------------------------------------------------

--
-- Table structure for table `FuelType`
--

CREATE TABLE IF NOT EXISTS `FuelType` (
  `FuelTypeID` int(11) NOT NULL AUTO_INCREMENT,
  `Type` varchar(256) NOT NULL,
  `HeatContent` double DEFAULT NULL,
  PRIMARY KEY (`FuelTypeID`)
) ENGINE=InnoDB  DEFAULT CHARSET=latin1 AUTO_INCREMENT=3 ;

--
-- Dumping data for table `FuelType`
--

INSERT INTO `FuelType` (`FuelTypeID`, `Type`, `HeatContent`) VALUES
(1, 'steam', NULL),
(2, 'gas', NULL);

-- --------------------------------------------------------

--
-- Table structure for table `History_BuildingType`
--

CREATE TABLE IF NOT EXISTS `History_BuildingType` (
  `HistoryID` int(11) DEFAULT NULL,
  `BuildingTypeID` int(11) DEFAULT NULL,
  KEY `BuildingTypeID` (`BuildingTypeID`),
  KEY `HistoryID` (`HistoryID`)
) ENGINE=InnoDB DEFAULT CHARSET=latin1;

--
-- Dumping data for table `History_BuildingType`
--

INSERT INTO `History_BuildingType` (`HistoryID`, `BuildingTypeID`) VALUES
(1, 1),
(2, 1),
(3, 1),
(4, 1),
(4, 2),
(5, 1),
(6, 1),
(5, 2),
(6, 2),
(7, 1),
(8, 1),
(9, 1),
(7, 2),
(8, 2),
(9, 2),
(10, 1),
(11, 1),
(10, 2),
(11, 2),
(12, 1),
(13, 1),
(14, 1),
(12, 2),
(13, 2),
(14, 2),
(15, 1),
(16, 1),
(15, 2),
(16, 2),
(17, 1),
(18, 1),
(17, 2),
(18, 2),
(19, 1),
(20, 1),
(19, 2),
(20, 2),
(21, 1),
(22, 1),
(23, 1),
(21, 2),
(22, 2),
(23, 2),
(24, 1),
(25, 1),
(24, 2),
(25, 2),
(26, 1),
(27, 1),
(26, 2),
(27, 2),
(28, 1),
(29, 1),
(28, 2),
(29, 2),
(30, 1),
(30, 2),
(31, 1),
(31, 2),
(32, 1),
(32, 2),
(33, 1),
(34, 1),
(35, 1),
(33, 2),
(34, 2),
(35, 2),
(36, 1),
(36, 2),
(37, 1),
(37, 2),
(38, 1),
(38, 2),
(39, 1),
(40, 1),
(41, 1),
(39, 2),
(40, 2),
(41, 2),
(42, 1),
(43, 1),
(44, 1),
(42, 2),
(43, 2),
(44, 2),
(45, 1),
(46, 1),
(45, 2),
(46, 2),
(47, 1),
(48, 1),
(49, 1),
(47, 2),
(48, 2),
(49, 2),
(50, 1),
(51, 1),
(52, 1),
(53, 1),
(50, 2),
(51, 2),
(52, 2),
(53, 2),
(54, 3),
(55, 3),
(56, 3),
(57, 3),
(58, 3),
(59, 3),
(60, 3),
(61, 4),
(62, 4),
(63, 4),
(64, 4),
(65, 4),
(66, 4),
(67, 4),
(68, 4),
(69, 4),
(70, 4),
(71, 4),
(72, 4),
(73, 4),
(74, 4),
(75, 4),
(76, 4),
(77, 4),
(78, 4),
(79, 4),
(80, 4),
(81, 4),
(82, 4),
(83, 4),
(84, 4),
(85, 4),
(86, 4),
(87, 4),
(88, 4),
(89, 4),
(90, 4),
(91, 4),
(92, 4),
(93, 4),
(94, 4),
(95, 4),
(96, 4),
(97, 4),
(98, 4),
(99, 4),
(100, 4),
(101, 4),
(102, 4),
(103, 4),
(104, 4),
(105, 4),
(106, 4),
(107, 4),
(108, 4),
(109, 4),
(110, 4),
(111, 4),
(112, 4),
(113, 4),
(114, 4),
(115, 4),
(116, 4),
(117, 4),
(118, 4),
(119, 4),
(120, 4),
(121, 4),
(122, 4),
(123, 4),
(124, 4),
(125, 4),
(126, 4),
(127, 4),
(128, 4),
(129, 4),
(130, 4),
(131, 4),
(132, 4),
(133, 4),
(134, 4),
(135, 4),
(136, 4),
(137, 5),
(138, 5),
(139, 5),
(140, 5),
(141, 5),
(5, 6),
(6, 6),
(12, 6),
(13, 6),
(14, 6),
(67, 6),
(68, 6),
(69, 6),
(72, 6),
(73, 6),
(75, 6),
(76, 6),
(77, 6),
(79, 6),
(80, 6),
(81, 6),
(82, 6),
(83, 6),
(84, 6),
(17, 6),
(18, 6),
(85, 6),
(86, 6),
(89, 6),
(90, 6),
(91, 6),
(19, 6),
(20, 6),
(92, 6),
(30, 6),
(31, 6),
(54, 6),
(55, 6),
(56, 6),
(57, 6),
(58, 6),
(32, 6),
(33, 6),
(34, 6),
(35, 6),
(103, 6),
(36, 6),
(37, 6),
(38, 6),
(104, 6),
(105, 6),
(106, 6),
(107, 6),
(108, 6),
(109, 6),
(110, 6),
(111, 6),
(39, 6),
(40, 6),
(41, 6),
(59, 6),
(45, 6),
(46, 6),
(127, 6),
(128, 6),
(129, 6),
(132, 6),
(133, 6),
(50, 6),
(51, 6),
(52, 6),
(53, 6);

-- --------------------------------------------------------

--
-- Table structure for table `MeterInfo`
--

CREATE TABLE IF NOT EXISTS `MeterInfo` (
  `MeterID` int(11) NOT NULL AUTO_INCREMENT,
  `MeterDescr` text NOT NULL,
  `MeterNum` varchar(64) NOT NULL,
  `BuildingID` int(11) NOT NULL,
  `MeterType` enum('Analog','Digital') DEFAULT NULL,
  `MeterManufID` int(11) NOT NULL,
  `MeterModel` varchar(256) NOT NULL,
  `FuelSourceID` int(11) NOT NULL,
  `SiemenPt` varchar(256) NOT NULL,
  PRIMARY KEY (`MeterID`),
  KEY `BuildingID` (`BuildingID`),
  KEY `MeterManufID` (`MeterManufID`),
  KEY `FuelSourceID` (`FuelSourceID`)
) ENGINE=InnoDB  DEFAULT CHARSET=latin1 AUTO_INCREMENT=3 ;

--
-- Dumping data for table `MeterInfo`
--

INSERT INTO `MeterInfo` (`MeterID`, `MeterDescr`, `MeterNum`, `BuildingID`, `MeterType`, `MeterManufID`, `MeterModel`, `FuelSourceID`, `SiemenPt`) VALUES
(1, '', '', 9, NULL, 1, '', 1, ''),
(2, '', '', 9, NULL, 1, '', 2, '');

-- --------------------------------------------------------

--
-- Table structure for table `Supplier`
--

CREATE TABLE IF NOT EXISTS `Supplier` (
  `SupplierID` int(11) NOT NULL AUTO_INCREMENT,
  `SupplierName` varchar(256) NOT NULL,
  `SupplierDescr` text NOT NULL,
  PRIMARY KEY (`SupplierID`)
) ENGINE=InnoDB  DEFAULT CHARSET=latin1 AUTO_INCREMENT=2 ;

--
-- Dumping data for table `Supplier`
--

INSERT INTO `Supplier` (`SupplierID`, `SupplierName`, `SupplierDescr`) VALUES
(1, 'Xcel', '');

-- --------------------------------------------------------

--
-- Table structure for table `Supplier_Address_Email`
--

CREATE TABLE IF NOT EXISTS `Supplier_Address_Email` (
  `SupplierID` int(11) DEFAULT NULL,
  `AddressID` int(11) DEFAULT NULL,
  `Email` int(11) DEFAULT NULL,
  KEY `SupplierID` (`SupplierID`),
  KEY `AddressID` (`AddressID`)
) ENGINE=InnoDB DEFAULT CHARSET=latin1;

-- --------------------------------------------------------

--
-- Table structure for table `Supplier_Address_Phone`
--

CREATE TABLE IF NOT EXISTS `Supplier_Address_Phone` (
  `SupplierID` int(11) NOT NULL,
  `AddressID` int(11) DEFAULT NULL,
  `Phone` varchar(32) DEFAULT NULL,
  KEY `SupplierID` (`SupplierID`),
  KEY `AddressID` (`AddressID`)
) ENGINE=InnoDB DEFAULT CHARSET=latin1;

-- --------------------------------------------------------

--
-- Table structure for table `Temperature`
--

CREATE TABLE IF NOT EXISTS `Temperature` (
  `ID` int(11) NOT NULL AUTO_INCREMENT,
  `High` decimal(5,1) DEFAULT NULL,
  `Low` decimal(5,1) DEFAULT NULL,
  `TempUnit` char(1) DEFAULT NULL,
  `HDD` decimal(5,1) DEFAULT NULL,
  `CDD` decimal(5,1) DEFAULT NULL,
  `Average` decimal(5,1) DEFAULT NULL,
  PRIMARY KEY (`ID`)
) ENGINE=InnoDB DEFAULT CHARSET=latin1 AUTO_INCREMENT=1 ;

--
-- Constraints for dumped tables
--

--
-- Constraints for table `Address`
--
ALTER TABLE `Address`
  ADD CONSTRAINT `address_ibfk_2` FOREIGN KEY (`CityID`) REFERENCES `city` (`CityID`) ON DELETE NO ACTION,
  ADD CONSTRAINT `address_ibfk_1` FOREIGN KEY (`CityID`) REFERENCES `city` (`CityID`) ON DELETE NO ACTION;

--
-- Constraints for table `building`
--
ALTER TABLE `building`
  ADD CONSTRAINT `building_ibfk_3` FOREIGN KEY (`BuildingAddressID`) REFERENCES `address` (`AddressID`) ON DELETE NO ACTION,
  ADD CONSTRAINT `building_ibfk_4` FOREIGN KEY (`LatestHistory`) REFERENCES `buildinghistory` (`HistoryID`) ON DELETE NO ACTION,
  ADD CONSTRAINT `building_ibfk_1` FOREIGN KEY (`BuildingAddressID`) REFERENCES `address` (`AddressID`) ON DELETE NO ACTION,
  ADD CONSTRAINT `building_ibfk_2` FOREIGN KEY (`LatestHistory`) REFERENCES `buildinghistory` (`HistoryID`) ON DELETE NO ACTION;

--
-- Constraints for table `BuildingHistory`
--
ALTER TABLE `BuildingHistory`
  ADD CONSTRAINT `buildinghistory_ibfk_2` FOREIGN KEY (`BuildingID`) REFERENCES `building` (`BuildingID`) ON DELETE NO ACTION,
  ADD CONSTRAINT `buildinghistory_ibfk_1` FOREIGN KEY (`BuildingID`) REFERENCES `building` (`BuildingID`) ON DELETE NO ACTION;

--
-- Constraints for table `Building_Room`
--
ALTER TABLE `Building_Room`
  ADD CONSTRAINT `building_room_ibfk_3` FOREIGN KEY (`BuildingID`) REFERENCES `building` (`BuildingID`) ON DELETE NO ACTION,
  ADD CONSTRAINT `building_room_ibfk_4` FOREIGN KEY (`MeterID`) REFERENCES `meterinfo` (`MeterID`) ON DELETE NO ACTION,
  ADD CONSTRAINT `building_room_ibfk_1` FOREIGN KEY (`BuildingID`) REFERENCES `building` (`BuildingID`) ON DELETE NO ACTION,
  ADD CONSTRAINT `building_room_ibfk_2` FOREIGN KEY (`MeterID`) REFERENCES `meterinfo` (`MeterID`) ON DELETE NO ACTION;

--
-- Constraints for table `DateObj`
--
ALTER TABLE `DateObj`
  ADD CONSTRAINT `dateobj_ibfk_5` FOREIGN KEY (`CalendarTypeID`) REFERENCES `calendartype` (`CalendarTypeID`) ON DELETE NO ACTION,
  ADD CONSTRAINT `dateobj_ibfk_4` FOREIGN KEY (`CalendarTypeID`) REFERENCES `calendartype` (`CalendarTypeID`) ON DELETE NO ACTION;

--
-- Constraints for table `EnergyData`
--
ALTER TABLE `EnergyData`
  ADD CONSTRAINT `energydata_ibfk_3` FOREIGN KEY (`Date`) REFERENCES `dateobj` (`Date`) ON DELETE NO ACTION,
  ADD CONSTRAINT `energydata_ibfk_4` FOREIGN KEY (`MeterID`) REFERENCES `meterinfo` (`MeterID`) ON DELETE NO ACTION,
  ADD CONSTRAINT `energydata_ibfk_1` FOREIGN KEY (`Date`) REFERENCES `dateobj` (`Date`) ON DELETE NO ACTION,
  ADD CONSTRAINT `energydata_ibfk_2` FOREIGN KEY (`MeterID`) REFERENCES `meterinfo` (`MeterID`) ON DELETE NO ACTION;

--
-- Constraints for table `FuelSource`
--
ALTER TABLE `FuelSource`
  ADD CONSTRAINT `fuelsource_ibfk_2` FOREIGN KEY (`FuelTypeID`) REFERENCES `fueltype` (`FuelTypeID`) ON DELETE NO ACTION,
  ADD CONSTRAINT `fuelsource_ibfk_1` FOREIGN KEY (`FuelTypeID`) REFERENCES `fueltype` (`FuelTypeID`) ON DELETE NO ACTION;

--
-- Constraints for table `FuelSource_Supplier`
--
ALTER TABLE `FuelSource_Supplier`
  ADD CONSTRAINT `fuelsource_supplier_ibfk_3` FOREIGN KEY (`FuelSourceID`) REFERENCES `fuelsource` (`FuelSourceID`) ON DELETE NO ACTION,
  ADD CONSTRAINT `fuelsource_supplier_ibfk_4` FOREIGN KEY (`SupplierID`) REFERENCES `supplier` (`SupplierID`) ON DELETE NO ACTION,
  ADD CONSTRAINT `fuelsource_supplier_ibfk_1` FOREIGN KEY (`FuelSourceID`) REFERENCES `fuelsource` (`FuelSourceID`) ON DELETE NO ACTION,
  ADD CONSTRAINT `fuelsource_supplier_ibfk_2` FOREIGN KEY (`SupplierID`) REFERENCES `supplier` (`SupplierID`) ON DELETE NO ACTION;

--
-- Constraints for table `History_BuildingType`
--
ALTER TABLE `History_BuildingType`
  ADD CONSTRAINT `history_buildingtype_ibfk_4` FOREIGN KEY (`HistoryID`) REFERENCES `buildinghistory` (`HistoryID`) ON DELETE NO ACTION,
  ADD CONSTRAINT `history_buildingtype_ibfk_5` FOREIGN KEY (`BuildingTypeID`) REFERENCES `buildingtype` (`BuildingTypeID`) ON DELETE NO ACTION,
  ADD CONSTRAINT `history_buildingtype_ibfk_2` FOREIGN KEY (`HistoryID`) REFERENCES `buildinghistory` (`HistoryID`) ON DELETE NO ACTION,
  ADD CONSTRAINT `history_buildingtype_ibfk_3` FOREIGN KEY (`BuildingTypeID`) REFERENCES `buildingtype` (`BuildingTypeID`) ON DELETE NO ACTION;

--
-- Constraints for table `MeterInfo`
--
ALTER TABLE `MeterInfo`
  ADD CONSTRAINT `meterinfo_ibfk_4` FOREIGN KEY (`BuildingID`) REFERENCES `building` (`BuildingID`) ON DELETE NO ACTION,
  ADD CONSTRAINT `meterinfo_ibfk_5` FOREIGN KEY (`MeterManufID`) REFERENCES `supplier` (`SupplierID`) ON DELETE NO ACTION,
  ADD CONSTRAINT `meterinfo_ibfk_6` FOREIGN KEY (`FuelSourceID`) REFERENCES `fuelsource` (`FuelSourceID`) ON DELETE NO ACTION,
  ADD CONSTRAINT `meterinfo_ibfk_1` FOREIGN KEY (`BuildingID`) REFERENCES `building` (`BuildingID`) ON DELETE NO ACTION,
  ADD CONSTRAINT `meterinfo_ibfk_2` FOREIGN KEY (`MeterManufID`) REFERENCES `supplier` (`SupplierID`) ON DELETE NO ACTION,
  ADD CONSTRAINT `meterinfo_ibfk_3` FOREIGN KEY (`FuelSourceID`) REFERENCES `fuelsource` (`FuelSourceID`) ON DELETE NO ACTION;

--
-- Constraints for table `Supplier_Address_Email`
--
ALTER TABLE `Supplier_Address_Email`
  ADD CONSTRAINT `supplier_address_email_ibfk_3` FOREIGN KEY (`SupplierID`) REFERENCES `supplier` (`SupplierID`) ON DELETE NO ACTION,
  ADD CONSTRAINT `supplier_address_email_ibfk_4` FOREIGN KEY (`AddressID`) REFERENCES `address` (`AddressID`) ON DELETE NO ACTION,
  ADD CONSTRAINT `supplier_address_email_ibfk_1` FOREIGN KEY (`SupplierID`) REFERENCES `supplier` (`SupplierID`) ON DELETE NO ACTION,
  ADD CONSTRAINT `supplier_address_email_ibfk_2` FOREIGN KEY (`AddressID`) REFERENCES `address` (`AddressID`) ON DELETE NO ACTION;

--
-- Constraints for table `Supplier_Address_Phone`
--
ALTER TABLE `Supplier_Address_Phone`
  ADD CONSTRAINT `supplier_address_phone_ibfk_3` FOREIGN KEY (`SupplierID`) REFERENCES `supplier` (`SupplierID`) ON DELETE NO ACTION,
  ADD CONSTRAINT `supplier_address_phone_ibfk_4` FOREIGN KEY (`AddressID`) REFERENCES `address` (`AddressID`) ON DELETE NO ACTION,
  ADD CONSTRAINT `supplier_address_phone_ibfk_1` FOREIGN KEY (`SupplierID`) REFERENCES `supplier` (`SupplierID`) ON DELETE NO ACTION,
  ADD CONSTRAINT `supplier_address_phone_ibfk_2` FOREIGN KEY (`AddressID`) REFERENCES `address` (`AddressID`) ON DELETE NO ACTION;

/*!40101 SET CHARACTER_SET_CLIENT=@OLD_CHARACTER_SET_CLIENT */;
/*!40101 SET CHARACTER_SET_RESULTS=@OLD_CHARACTER_SET_RESULTS */;
/*!40101 SET COLLATION_CONNECTION=@OLD_COLLATION_CONNECTION */;
